transformer,batteries,split,seq_wall_min,seq_mean_solve_s,base_wall_min,base_mean_solve_s,speedup,inflation,concurrency
TR4,46,6x4,35.7,3.19,18.6,7.03,1.92,2.2,3.63
TR3,49,6x4,39.1,3.53,20.1,8.24,1.95,2.33,3.95
TR1,77,6x4,96.5,8.68,50.1,20.03,1.93,2.31,3.84
TR9,90,6x4,195.8,17.76,71.8,28.29,2.73,1.59,3.78
TR2,95,6x4,140.4,12.73,71.4,28.14,1.97,2.21,3.79
TR8,124,4x6,298.9,26.65,125.1,31.58,2.39,1.18,2.42
TR5,214,4x6,516.5,45.98,204.4,50.88,2.53,1.11,2.39
TR7,259,4x6,411.2,36.06,314.0,71.09,1.31,1.97,2.17
TR6,262,4x6,409.1,34.84,301.6,69.18,1.36,1.99,2.2
