now,target,angle_deg,P,Q,proj,status,time,VminTrue,VmaxTrue,UVviol,OVviol,LinErr
  1,  2,   0.0,      4.090762,     -0.130902,      4.090762,Optimal,      281.80,   0.94600,   1.01817,   0.00000,1.8668e-10,    0.026235
  1,  2,  30.0,      3.689672,      1.340033,      3.865366,Optimal,      295.56,   0.94455,   1.00751,   0.00000,1.8668e-10,    0.021448
  1,  2,  60.0,      1.150369,      3.692642,      3.773106,Optimal,      282.78,   0.94459,   1.00625,   0.00000,1.8668e-10,    0.016283
  1,  2,  90.0,      0.104282,      3.921794,      3.921794,Optimal,      288.94,   0.94562,   1.01009,   0.00000,1.8668e-10,    0.023674
  1,  2, 120.0,     -1.688673,      3.429320,      3.814215,Optimal,      278.86,   0.96199,   1.03922,   0.00000,1.8668e-10,    0.027140
  1,  2, 150.0,     -2.164528,      3.086357,      3.417715,Optimal,      278.95,   0.97203,   1.06422,   0.00000,1.8668e-10,    0.026718
  1,  2, 180.0,     -2.191856,     -0.804556,      2.191856,Optimal,      313.20,   1.00000,   1.09992,   0.00000,1.8668e-10,    0.014190
  1,  2, 210.0,     -2.105579,     -1.545155,      2.596063,Optimal,      308.33,   1.00000,   1.10000,   0.00000,1.8668e-10,    0.011289
  1,  2, 240.0,      0.198734,     -3.496225,      2.928453,Optimal,      312.92,   1.00000,   1.10000,   0.00000,1.8668e-10,    0.018440
  1,  2, 270.0,      0.887366,     -3.747990,      3.747990,Optimal,      327.39,   1.00000,   1.10000,   0.00000,1.8668e-10,    0.020977
  1,  2, 300.0,      2.200675,     -3.306344,      3.963715,Optimal,      302.56,   1.00000,   1.10000,   0.00000,1.8668e-10,    0.031410
  1,  2, 330.0,      3.588300,     -1.906644,      4.060881,Optimal,      271.11,   0.96044,   1.04910,   0.00000,1.8668e-10,    0.031161
  2,  3,   0.0,      4.054769,     -0.152455,      4.054769,Optimal,      326.55,   0.94589,   1.01871,   0.00000,1.8668e-10,    0.027494
  2,  3,  30.0,      3.655092,      1.343399,      3.837102,Optimal,      310.88,   0.94454,   1.00787,   0.00000,1.8668e-10,    0.020927
  2,  3,  60.0,      1.137795,      3.683940,      3.759283,Optimal,      319.69,   0.94462,   1.00633,   0.00000,1.8668e-10,    0.016537
  2,  3,  90.0,      0.077221,      3.915637,      3.915637,Optimal,      321.98,   0.94562,   1.01152,   0.00000,1.8668e-10,    0.024173
  2,  3, 120.0,     -1.682356,      3.444636,      3.824321,Optimal,      310.31,   0.95749,   1.03613,   0.00000,1.8668e-10,    0.027681
  2,  3, 150.0,     -2.035059,      3.194368,      3.359597,Optimal,      312.28,   0.97060,   1.05866,   0.00000,1.8668e-10,    0.029108
  2,  3, 180.0,     -2.058541,     -0.963460,      2.058541,Optimal,      338.31,   1.00000,   1.09991,   0.00000,1.8668e-10,    0.011942
  2,  3, 210.0,     -1.981551,     -1.668620,      2.550384,Optimal,      340.50,   1.00000,   1.10000,   0.00000,1.8668e-10,    0.009711
  2,  3, 240.0,      0.213347,     -3.510780,      2.933751,Optimal,      343.67,   1.00000,   1.10000,   0.00000,1.8668e-10,    0.018005
  2,  3, 270.0,      0.878542,     -3.751871,      3.751871,Optimal,      363.25,   1.00000,   1.10000,   0.00000,1.8668e-10,    0.020412
  2,  3, 300.0,      2.161145,     -3.316579,      3.952814,Optimal,      318.95,   1.00000,   1.10000,   0.00000,1.8668e-10,    0.031201
  2,  3, 330.0,      3.554136,     -1.916474,      4.036209,Optimal,      305.16,   0.95882,   1.04975,   0.00000,1.8668e-10,    0.032472
  3,  4,   0.0,      4.046183,     -0.132696,      4.046183,Optimal,      315.55,   0.94577,   1.01818,   0.00000,1.8668e-10,    0.028168
  3,  4,  30.0,      3.647377,      1.345564,      3.831503,Optimal,      315.41,   0.94454,   1.00747,   0.00000,1.8668e-10,    0.021230
  3,  4,  60.0,      1.137381,      3.677775,      3.753737,Optimal,      467.56,   0.94461,   1.00595,   0.00000,1.8668e-10,    0.016805
  3,  4,  90.0,      0.066950,      3.913197,      3.913197,Optimal,      320.69,   0.94552,   1.01324,   0.00000,1.8668e-10,    0.024313
  3,  4, 120.0,     -1.643563,      3.460108,      3.818323,Optimal,      298.44,   0.95181,   1.03513,   0.00000,1.8668e-10,    0.028120
  3,  4, 150.0,     -1.877159,      3.297368,      3.274352,Optimal,      314.89,   0.96586,   1.05453,   0.00000,1.8668e-10,    0.031902
  3,  4, 180.0,     -1.901139,     -1.054017,      1.901139,Optimal,      330.23,   1.00000,   1.09981,   0.00000,1.8668e-10,    0.010981
  3,  4, 210.0,     -1.832340,     -1.800426,      2.487066,Optimal,      345.75,   1.00000,   1.10000,   0.00000,1.8668e-10,    0.009395
  3,  4, 240.0,      0.238869,     -3.526323,      2.934450,Optimal,      337.76,   1.00000,   1.10000,   0.00000,1.8668e-10,    0.018004
  3,  4, 270.0,      0.875049,     -3.752874,      3.752874,Optimal,      343.17,   1.00000,   1.10000,   0.00000,1.8668e-10,    0.020226
  3,  4, 300.0,      2.152734,     -3.318920,      3.950637,Optimal,      317.00,   1.00000,   1.10000,   0.00000,1.8668e-10,    0.030885
  3,  4, 330.0,      3.544912,     -1.919221,      4.029594,Optimal,      305.77,   0.95899,   1.05057,   0.00000,1.8668e-10,    0.032133
  4,  5,   0.0,      4.035798,     -0.136830,      4.035798,Optimal,      322.05,   0.94580,   1.01864,   0.00000,1.8668e-10,    0.028410
  4,  5,  30.0,      3.635018,      1.351009,      3.823522,Optimal,      314.91,   0.94454,   1.00795,   0.00000,1.8668e-10,    0.021114
  4,  5,  60.0,      1.133750,      3.677702,      3.751858,Optimal,      326.02,   0.94464,   1.00640,   0.00000,1.8668e-10,    0.016627
  4,  5,  90.0,      0.064852,      3.910996,      3.910996,Optimal,      341.48,   0.94553,   1.01204,   0.00000,1.8668e-10,    0.024402
  4,  5, 120.0,     -1.607449,      3.478614,      3.816293,Optimal,      317.66,   0.95005,   1.03461,   0.00000,1.8668e-10,    0.028606
  4,  5, 150.0,     -1.747936,      3.377367,      3.202440,Optimal,      318.38,   0.96283,   1.05273,   0.00000,1.8668e-10,    0.031521
  4,  5, 180.0,     -1.770495,     -1.243053,      1.770495,Optimal,      343.22,   1.00000,   1.09985,   0.00000,1.8668e-10,    0.010178
  4,  5, 210.0,     -1.707281,     -1.911115,      2.434107,Optimal,      346.75,   1.00000,   1.10000,   0.00000,1.8668e-10,    0.007979
  4,  5, 240.0,      0.249187,     -3.532913,      2.934999,Optimal,      337.73,   1.00000,   1.10000,   0.00000,1.8668e-10,    0.017928
  4,  5, 270.0,      0.872884,     -3.754587,      3.754587,Optimal,      356.25,   1.00000,   1.10000,   0.00000,1.8668e-10,    0.020362
  4,  5, 300.0,      2.139301,     -3.322331,      3.946874,Optimal,      316.49,   1.00000,   1.09999,   0.00000,1.8668e-10,    0.030879
  4,  5, 330.0,      3.533242,     -1.922871,      4.021313,Optimal,      300.95,   0.95904,   1.05111,   0.00000,1.8668e-10,    0.032268
  5,  6,   0.0,      4.030302,     -0.137472,      4.030302,Optimal,      340.06,   0.94566,   1.01834,   0.00000,1.8668e-10,    0.028466
  5,  6,  30.0,      3.625914,      1.359221,      3.819744,Optimal,      346.02,   0.94454,   1.00759,   0.00000,1.8668e-10,    0.021052
  5,  6,  60.0,      1.132181,      3.676291,      3.749852,Optimal,      334.26,   0.94461,   1.00608,   0.00000,1.8668e-10,    0.016942
  5,  6,  90.0,      0.063229,      3.909964,      3.909964,Optimal,      347.64,   0.94552,   1.01259,   0.00000,1.8668e-10,    0.024358
  5,  6, 120.0,     -1.529780,      3.516167,      3.809980,Optimal,      327.80,   0.94966,   1.03155,   0.00000,1.8668e-10,    0.027891
  5,  6, 150.0,     -1.611352,      3.453914,      3.122429,Optimal,      327.92,   0.96102,   1.04970,   0.00000,1.8668e-10,    0.030912
  5,  6, 180.0,     -1.633843,     -1.348694,      1.633843,Optimal,      352.42,   1.00000,   1.09990,   0.00000,1.8668e-10,    0.008869
  5,  6, 210.0,     -1.582521,     -2.013294,      2.377150,Optimal,      378.80,   1.00000,   1.10000,   0.00000,1.8668e-10,    0.007417
  5,  6, 240.0,      0.274019,     -3.545679,      2.933639,Optimal,      369.64,   1.00000,   1.10000,   0.00000,1.8668e-10,    0.017758
  5,  6, 270.0,      0.872753,     -3.754643,      3.754643,Optimal,      376.13,   1.00000,   1.10000,   0.00000,1.8668e-10,    0.020079
  5,  6, 300.0,      2.134648,     -3.323726,      3.945755,Optimal,      355.45,   1.00000,   1.10000,   0.00000,1.8668e-10,    0.030972
  5,  6, 330.0,      3.527944,     -1.924558,      4.017568,Optimal,      335.53,   0.95780,   1.05171,   0.00000,1.8668e-10,    0.032192
  6,  7,   0.0,      4.032636,     -0.137316,      4.032636,Optimal,      320.55,   0.94571,   1.01814,   0.00000,1.8668e-10,    0.028346
  6,  7,  30.0,      3.634839,      1.348888,      3.822307,Optimal,      320.17,   0.94454,   1.00742,   0.00000,1.8668e-10,    0.020898
  6,  7,  60.0,      1.130063,      3.676208,      3.748721,Optimal,      320.63,   0.94463,   1.00592,   0.00000,1.8668e-10,    0.017140
  6,  7,  90.0,      0.066528,      3.909624,      3.909624,Optimal,      314.81,   0.94565,   1.01314,   0.00000,1.8668e-10,    0.024250
  6,  7, 120.0,     -1.398068,      3.574167,      3.794353,Optimal,      317.28,   0.94928,   1.03499,   0.00000,1.8668e-10,    0.027564
  6,  7, 150.0,     -1.464639,      3.523882,      3.030355,Optimal,      312.49,   0.95540,   1.04467,   0.00000,1.8668e-10,    0.030548
  6,  7, 180.0,     -1.488958,     -1.508288,      1.488958,Optimal,      334.91,   1.00000,   1.09985,   0.00000,1.8668e-10,    0.009003
  6,  7, 210.0,     -1.443218,     -2.128253,      2.313990,Optimal,      347.51,   1.00000,   1.10000,   0.00000,1.8668e-10,    0.006166
  6,  7, 240.0,      0.297844,     -3.557458,      2.931927,Optimal,      347.80,   1.00000,   1.10000,   0.00000,1.8668e-10,    0.017940
  6,  7, 270.0,      0.871319,     -3.754160,      3.754160,Optimal,      355.31,   1.00000,   1.10000,   0.00000,1.8668e-10,    0.020056
  6,  7, 300.0,      2.137202,     -3.323076,      3.946469,Optimal,      324.22,   1.00000,   1.10000,   0.00000,1.8668e-10,    0.030882
  6,  7, 330.0,      3.530638,     -1.923670,      4.019457,Optimal,      306.92,   0.95910,   1.05102,   0.00000,1.8668e-10,    0.032394
  7,  8,   0.0,      4.034054,     -0.136662,      4.034054,Optimal,      333.77,   0.94572,   1.01893,   0.00000,1.8668e-10,    0.028545
  7,  8,  30.0,      3.633633,      1.353602,      3.823619,Optimal,      323.08,   0.94454,   1.00818,   0.00000,1.8668e-10,    0.020824
  7,  8,  60.0,      1.127841,      3.678476,      3.749574,Optimal,      325.97,   0.94464,   1.00668,   0.00000,1.8668e-10,    0.016612
  7,  8,  90.0,      0.074737,      3.909652,      3.909652,Optimal,      326.86,   0.94565,   1.01206,   0.00000,1.8668e-10,    0.024285
  7,  8, 120.0,     -1.263011,      3.629090,      3.774390,Optimal,      340.42,   0.94921,   1.03409,   0.00000,1.8668e-10,    0.029598
  7,  8, 150.0,     -1.320013,      3.586786,      2.936558,Optimal,      346.88,   0.95666,   1.04229,   0.00000,1.8668e-10,    0.031514
  7,  8, 180.0,     -1.345079,     -1.623735,      1.345079,Optimal,      341.09,   1.00000,   1.09981,   0.00000,1.8668e-10,    0.007613
  7,  8, 210.0,     -1.306141,     -2.236236,      2.249270,Optimal,      357.95,   1.00000,   1.10000,   0.00000,1.8668e-10,    0.005605
  7,  8, 240.0,      0.319274,     -3.565144,      2.927868,Optimal,      355.94,   1.00000,   1.10000,   0.00000,1.8668e-10,    0.018619
  7,  8, 270.0,      0.874647,     -3.753238,      3.753238,Optimal,      360.42,   1.00000,   1.10000,   0.00000,1.8668e-10,    0.020084
  7,  8, 300.0,      2.137950,     -3.322365,      3.946227,Optimal,      352.70,   1.00000,   1.10000,   0.00000,1.8668e-10,    0.031059
  7,  8, 330.0,      3.530845,     -1.923117,      4.019360,Optimal,      317.80,   0.95893,   1.05186,   0.00000,1.8668e-10,    0.032282
  8,  9,   0.0,      4.003844,     -0.132259,      4.003844,Optimal,      347.45,   0.94569,   1.01894,   0.00000,1.8668e-10,    0.029024
  8,  9,  30.0,      3.600670,      1.367141,      3.801842,Optimal,      345.83,   0.94454,   1.00816,   0.00000,1.8668e-10,    0.020805
  8,  9,  60.0,      1.115275,      3.675204,      3.740457,Optimal,      353.89,   0.94462,   1.00670,   0.00000,1.8668e-10,    0.016827
  8,  9,  90.0,      0.044776,      3.909500,      3.909500,Optimal,      353.25,   0.94569,   1.01349,   0.00000,1.8668e-10,    0.024247
  8,  9, 120.0,     -1.196295,      3.664090,      3.771343,Optimal,      347.13,   0.94891,   1.02726,   0.00000,1.8668e-10,    0.028442
  8,  9, 150.0,     -1.248461,      3.625777,      2.894087,Optimal,      355.78,   0.94948,   1.03819,   0.00000,1.8668e-10,    0.031763
  8,  9, 180.0,     -1.270358,     -1.999623,      1.270358,Optimal,      353.66,   1.00000,   1.09977,   0.00000,1.8668e-10,    0.005871
  8,  9, 210.0,     -1.236026,     -2.299920,      2.220390,Optimal,      384.98,   1.00000,   1.10000,   0.00000,1.8668e-10,    0.005790
  8,  9, 240.0,      0.335376,     -3.577394,      2.930426,Optimal,      381.44,   1.00000,   1.10000,   0.00000,1.8668e-10,    0.018276
  8,  9, 270.0,      0.860865,     -3.752525,      3.752525,Optimal,      388.00,   1.00000,   1.10000,   0.00000,1.8668e-10,    0.019924
  8,  9, 300.0,      2.104546,     -3.326018,      3.932689,Optimal,      351.95,   1.00000,   1.10000,   0.00000,1.8668e-10,    0.030470
  8,  9, 330.0,      3.511406,     -1.910160,      3.996047,Optimal,      344.81,   0.95601,   1.04730,   0.00000,1.8668e-10,    0.032713
  9, 10,   0.0,      3.927266,     -0.099889,      3.927266,Optimal,      344.88,   0.94590,   1.01862,   0.00000,1.8668e-10,    0.027502
  9, 10,  30.0,      3.522627,      1.401433,      3.751401,Optimal,      340.58,   0.94454,   1.00800,   0.00000,1.8668e-10,    0.020185
  9, 10,  60.0,      1.082446,      3.674833,      3.723721,Optimal,      351.08,   0.94463,   1.00643,   0.00000,1.8668e-10,    0.017433
  9, 10,  90.0,     -0.029335,      3.913843,      3.913843,Optimal,      348.09,   0.94579,   1.01425,   0.00000,1.8668e-10,    0.024619
  9, 10, 120.0,     -1.258364,      3.671392,      3.808700,Optimal,      341.48,   0.94894,   1.02763,   0.00000,1.8668e-10,    0.026002
  9, 10, 150.0,     -1.318742,      3.626062,      2.955095,Optimal,      341.34,   0.95042,   1.02819,   0.00000,1.8668e-10,    0.027941
  9, 10, 180.0,     -1.335035,     -1.532263,      1.335035,Optimal,      351.42,   1.00000,   1.09973,   0.00000,1.8668e-10,    0.009891
  9, 10, 210.0,     -1.296262,     -2.261018,      2.253105,Optimal,      368.36,   1.00000,   1.10000,   0.00000,1.8668e-10,    0.005701
  9, 10, 240.0,      0.310860,     -3.571370,      2.937468,Optimal,      382.44,   1.00000,   1.10000,   0.00000,1.8668e-10,    0.017327
  9, 10, 270.0,      0.827272,     -3.744460,      3.744460,Optimal,      377.75,   1.00000,   1.10000,   0.00000,1.8668e-10,    0.019647
  9, 10, 300.0,      2.017427,     -3.330153,      3.892710,Optimal,      344.19,   1.00000,   1.10000,   0.00000,1.8668e-10,    0.029221
  9, 10, 330.0,      3.425595,     -1.912545,      3.922925,Optimal,      335.44,   0.96466,   1.04760,   0.00000,1.8668e-10,    0.030184
 10, 11,   0.0,      3.812653,     -0.079025,      3.812653,Optimal,      297.23,   0.94646,   1.01919,   0.00000,1.8668e-10,    0.025821
 10, 11,  30.0,      3.412761,      1.440488,      3.675782,Optimal,      298.73,   0.94454,   1.00854,   0.00000,1.8668e-10,    0.018795
 10, 11,  60.0,      1.037972,      3.672287,      3.699280,Optimal,      305.36,   0.94461,   1.00664,   0.00000,1.8668e-10,    0.017571
 10, 11,  90.0,     -0.145320,      3.919291,      3.919291,Optimal,      296.30,   0.94592,   1.01581,   0.00000,1.8668e-10,    0.025464
 10, 11, 120.0,     -1.526982,      3.607537,      3.887710,Optimal,      302.13,   0.94958,   1.03325,   0.00000,1.8668e-10,    0.027073
 10, 11, 150.0,     -1.608046,      3.543929,      3.164573,Optimal,      293.11,   0.96104,   1.04773,   0.00000,1.8668e-10,    0.027220
 10, 11, 180.0,     -1.625409,      0.980593,      1.625409,Optimal,      297.13,   0.95252,   1.09991,   0.00000,1.8668e-10,    0.024601
 10, 11, 210.0,     -1.560670,     -2.061440,      2.382299,Optimal,      333.52,   1.00000,   1.10000,   0.00000,1.8668e-10,    0.006661
 10, 11, 240.0,      0.235447,     -3.542050,      2.949782,Optimal,      326.23,   1.00000,   1.10000,   0.00000,1.8668e-10,    0.016903
 10, 11, 270.0,      0.782113,     -3.732767,      3.732767,Optimal,      322.20,   1.00000,   1.10000,   0.00000,1.8668e-10,    0.019939
 10, 11, 300.0,      1.896079,     -3.336830,      3.837819,Optimal,      293.39,   1.00000,   1.10000,   0.00000,1.8668e-10,    0.027225
 10, 11, 330.0,      3.299445,     -1.923241,      3.819023,Optimal,      289.86,   0.97784,   1.04641,   0.00000,1.8668e-10,    0.026779
 11, 12,   0.0,      3.686959,     -0.029462,      3.686959,Optimal,      329.67,   0.94722,   1.01909,   0.00000,1.8668e-10,    0.023613
 11, 12,  30.0,      3.284638,      1.501052,      3.595105,Optimal,      325.31,   0.94454,   1.00858,   0.00000,1.8668e-10,    0.016742
 11, 12,  60.0,      0.988998,      3.667159,      3.670352,Optimal,      329.08,   0.94462,   1.00641,   0.00000,1.8668e-10,    0.018481
 11, 12,  90.0,     -0.267167,      3.927985,      3.927985,Optimal,      323.55,   0.94612,   1.01838,   0.00000,1.8668e-10,    0.025784
 11, 12, 120.0,     -1.774500,      3.568789,      3.977912,Optimal,      311.88,   0.95021,   1.04302,   0.00000,1.8668e-10,    0.029028
 11, 12, 150.0,     -2.103760,      3.323097,      3.483458,Optimal,      322.31,   0.97552,   1.06944,   0.00000,1.8668e-10,    0.028158
 11, 12, 180.0,     -2.126551,      1.605541,      2.126551,Optimal,      332.14,   0.97109,   1.09996,   0.00000,1.8668e-10,    0.032458
 11, 12, 210.0,     -2.021232,     -1.683980,      2.592428,Optimal,      369.44,   1.00000,   1.10000,   0.00000,1.8668e-10,    0.009564
 11, 12, 240.0,      0.127009,     -3.496456,      2.964515,Optimal,      359.75,   1.00000,   1.10000,   0.00000,1.8668e-10,    0.015705
 11, 12, 270.0,      0.730946,     -3.715139,      3.715139,Optimal,      358.05,   1.00000,   1.10000,   0.00000,1.8668e-10,    0.019705
 11, 12, 300.0,      1.766521,     -3.340498,      3.776216,Optimal,      318.05,   1.00000,   1.10000,   0.00000,1.8668e-10,    0.025209
 11, 12, 330.0,      3.166468,     -1.930104,      3.707294,Optimal,      321.67,   0.98426,   1.04846,   0.00000,1.8668e-10,    0.023089
 12, 13,   0.0,      3.533883,     -0.010740,      3.533883,Optimal,      376.80,   0.94627,   1.01949,   0.00000,1.8668e-10,    0.020203
 12, 13,  30.0,      3.125267,      1.572211,      3.492666,Optimal,      380.86,   0.94454,   1.00905,   0.00000,1.8668e-10,    0.015688
 12, 13,  60.0,      0.923912,      3.659058,      3.630793,Optimal,      356.59,   0.94465,   1.00714,   0.00000,1.8668e-10,    0.019041
 12, 13,  90.0,     -0.400335,      3.936223,      3.936223,Optimal,      388.88,   0.94629,   1.02025,   0.00000,1.8668e-10,    0.026018
 12, 13, 120.0,     -2.067641,      3.509762,      4.073364,Optimal,      358.06,   0.95429,   1.05305,   0.00000,1.8668e-10,    0.027049
 12, 13, 150.0,     -2.830802,      2.791165,      3.847129,Optimal,      363.67,   0.99016,   1.08666,   0.00000,1.8668e-10,    0.030107
 12, 13, 180.0,     -2.869724,      1.480541,      2.869724,Optimal,      392.63,   0.98797,   1.09999,   0.00000,1.8668e-10,    0.032815
 12, 13, 210.0,     -2.705781,     -1.076064,      2.881307,Optimal,      397.84,   1.00000,   1.10000,   0.00000,1.8668e-10,    0.016330
 12, 13, 240.0,      0.031221,     -3.455990,      2.977365,Optimal,      420.22,   1.00000,   1.10000,   0.00000,1.8668e-10,    0.015496
 12, 13, 270.0,      0.670051,     -3.692910,      3.692910,Optimal,      415.20,   1.00000,   1.10000,   0.00000,1.8668e-10,    0.019711
 12, 13, 300.0,      1.620285,     -3.344518,      3.706580,Optimal,      354.94,   1.00000,   1.10000,   0.00000,1.8668e-10,    0.022770
 12, 13, 330.0,      3.007851,     -1.943927,      3.576839,Optimal,      355.91,   0.98776,   1.05247,   0.00000,1.8668e-10,    0.019980
 13, 14,   0.0,      3.385439,     -0.000916,      3.385439,Optimal,      354.78,   0.94689,   1.01832,   0.00000,1.8668e-10,    0.019355
 13, 14,  30.0,      2.946778,      1.650279,      3.377124,Optimal,      339.56,   0.94453,   1.00888,   0.00000,1.8668e-10,    0.014464
 13, 14,  60.0,      0.863743,      3.647459,      3.590664,Optimal,      348.19,   0.94462,   1.00758,   0.00000,1.8668e-10,    0.019546
 13, 14,  90.0,     -0.517726,      3.945475,      3.945475,Optimal,      332.13,   0.94654,   1.02259,   0.00000,1.8668e-10,    0.025909
 13, 14, 120.0,     -2.263135,      3.475938,      4.141818,Optimal,      315.94,   0.96746,   1.06626,   0.00000,1.8668e-10,    0.029237
 13, 14, 150.0,     -3.332338,      2.456955,      4.114367,Optimal,      315.75,   1.00000,   1.09965,   0.00000,1.8668e-10,    0.031653
 13, 14, 180.0,     -3.587988,      1.095125,      3.587988,Optimal,      381.67,   1.00000,   1.10000,   0.00000,1.8668e-10,    0.030530
 13, 14, 210.0,     -3.395787,     -0.449392,      3.165534,Optimal,      370.44,   1.00000,   1.10000,   0.00000,1.8668e-10,    0.019600
 13, 14, 240.0,     -0.051585,     -3.415150,      2.983399,Optimal,      381.81,   1.00000,   1.10000,   0.00000,1.8668e-10,    0.014927
 13, 14, 270.0,      0.613704,     -3.664615,      3.664615,Optimal,      371.00,   1.00000,   1.10000,   0.00000,1.8668e-10,    0.018891
 13, 14, 300.0,      1.477636,     -3.347119,      3.637508,Optimal,      327.95,   1.00000,   1.10000,   0.00000,1.8668e-10,    0.020531
 13, 14, 330.0,      2.860111,     -1.948040,      3.450948,Optimal,      321.20,   0.98895,   1.05496,   0.00000,1.8668e-10,    0.020463
 14, 15,   0.0,      3.099188,     -0.100254,      3.099188,Optimal,      304.70,   0.94656,   1.02541,   0.00000,1.8668e-10,    0.015663
 14, 15,  30.0,      2.742478,      1.764100,      3.257105,Optimal,      323.88,   0.94454,   1.00970,   0.00000,1.8668e-10,    0.014060
 14, 15,  60.0,      0.781388,      3.661169,      3.561360,Optimal,      330.91,   0.94474,   1.00887,   0.00000,1.8668e-10,    0.020154
 14, 15,  90.0,     -0.594073,      3.957532,      3.957532,Optimal,      296.55,   0.94690,   1.02433,   0.00000,1.8668e-10,    0.025898
 14, 15, 120.0,     -2.341732,      3.480919,      4.185430,Optimal,      291.67,   0.96930,   1.07333,   0.00000,1.8668e-10,    0.031150
 14, 15, 150.0,     -3.616450,      2.225312,      4.244594,Optimal,      303.86,   1.00000,   1.10000,   0.00000,1.8668e-10,    0.033900
 14, 15, 180.0,     -3.970296,      0.979447,      3.970296,Optimal,      336.86,   1.00000,   1.10000,   0.00000,1.8668e-10,    0.024948
 14, 15, 210.0,     -3.720173,     -0.185828,      3.314678,Optimal,      341.00,   1.00000,   1.10000,   0.00000,1.8668e-10,    0.021849
 14, 15, 240.0,     -0.115235,     -3.377710,      2.982801,Optimal,      368.16,   1.00000,   1.10000,   0.00000,1.8668e-10,    0.014136
 14, 15, 270.0,      0.564545,     -3.633048,      3.633048,Optimal,      335.73,   1.00000,   1.10000,   0.00000,1.8668e-10,    0.017465
 14, 15, 300.0,      1.367365,     -3.339693,      3.575941,Optimal,      304.66,   1.00000,   1.10000,   0.00000,1.8668e-10,    0.018665
 14, 15, 330.0,      2.659449,     -2.071919,      3.339109,Optimal,      297.56,   0.99149,   1.06267,   0.00000,1.8668e-10,    0.021131
 15, 16,   0.0,      2.248373,     -0.508682,      2.248373,Optimal,      367.34,   0.94454,   1.06265,   0.00000,1.8668e-10,    0.019146
 15, 16,  30.0,      1.982201,      2.395057,      2.914165,Optimal,      358.41,   0.94453,   1.01268,   0.00000,1.8668e-10,    0.011308
 15, 16,  60.0,      0.656132,      3.676733,      3.512210,Optimal,      356.19,   0.94476,   1.01071,   0.00000,1.8668e-10,    0.019842
 15, 16,  90.0,     -0.699117,      3.966798,      3.966798,Optimal,      354.11,   0.94681,   1.02635,   0.00000,1.8668e-10,    0.026710
 15, 16, 120.0,     -2.413606,      3.494775,      4.233367,Optimal,      327.76,   0.97020,   1.07877,   0.00000,1.8668e-10,    0.032921
 15, 16, 150.0,     -3.733230,      2.186150,      4.326147,Optimal,      327.20,   1.00000,   1.10000,   0.00000,1.8668e-10,    0.035530
 15, 16, 180.0,     -4.139769,      0.828517,      4.139769,Optimal,      365.78,   1.00000,   1.10000,   0.00000,1.8668e-10,    0.027026
 15, 16, 210.0,     -3.928200,     -0.002162,      3.403002,Optimal,      351.77,   1.00000,   1.10000,   0.00000,1.8668e-10,    0.023989
 15, 16, 240.0,     -0.237022,     -3.300357,      2.976704,Optimal,      384.73,   1.00000,   1.10000,   0.00000,1.8668e-10,    0.012215
 15, 16, 270.0,      0.519795,     -3.580460,      3.580460,Optimal,      379.55,   1.00000,   1.10000,   0.00000,1.8668e-10,    0.016151
 15, 16, 300.0,      1.238477,     -3.327817,      3.501212,Optimal,      350.94,   1.00000,   1.10000,   0.00000,1.8668e-10,    0.021254
 15, 16, 330.0,      1.956527,     -2.635033,      3.011918,Optimal,      345.38,   1.00000,   1.08937,   0.00000,1.8668e-10,    0.021635
 16, 17,   0.0,      1.127674,     -0.664360,      1.127674,Optimal,      371.76,   0.94502,   1.09993,   0.00000,1.8668e-10,    0.016594
 16, 17,  30.0,      0.881386,      3.199008,      2.362807,Optimal,      341.25,   0.94454,   1.01346,   0.00000,1.8668e-10,    0.014461
 16, 17,  60.0,      0.321782,      3.766582,      3.422846,Optimal,      349.30,   0.94458,   1.01374,   0.00000,1.8668e-10,    0.020325
 16, 17,  90.0,     -0.756936,      3.979017,      3.979017,Optimal,      344.56,   0.94772,   1.02648,   0.00000,1.8668e-10,    0.027631
 16, 17, 120.0,     -2.445101,      3.509908,      4.262220,Optimal,      320.44,   0.97196,   1.07427,   0.00000,1.8668e-10,    0.033937
 16, 17, 150.0,     -3.768500,      2.171704,      4.349468,Optimal,      326.72,   1.00000,   1.10000,   0.00000,1.8668e-10,    0.035906
 16, 17, 180.0,     -4.204336,      0.784919,      4.204336,Optimal,      340.20,   1.00000,   1.10000,   0.00000,1.8668e-10,    0.026758
 16, 17, 210.0,     -4.014615,      0.071274,      3.441121,Optimal,      367.22,   1.00000,   1.10000,   0.00000,1.8668e-10,    0.024245
 16, 17, 240.0,     -0.612696,     -3.013345,      2.915982,Optimal,      370.02,   1.00000,   1.10000,   0.00000,1.8668e-10,    0.010828
 16, 17, 270.0,      0.349037,     -3.352203,      3.352203,Optimal,      346.53,   1.00000,   1.10000,   0.00000,1.8668e-10,    0.014625
 16, 17, 300.0,      0.713953,     -3.261223,      3.181279,Optimal,      354.17,   1.00000,   1.10000,   0.00000,1.8668e-10,    0.016842
 16, 17, 330.0,      0.955908,     -3.018049,      2.336866,Optimal,      353.03,   1.00000,   1.10000,   0.00000,1.8668e-10,    0.014944
 17, 18,   0.0,      0.300818,     -0.274833,      0.300818,Optimal,      396.69,   0.94515,   1.09997,   0.00000,1.8668e-10,    0.021514
 17, 18,  30.0,      0.083170,      3.615290,      1.879672,Optimal,      347.02,   0.94470,   1.01777,   0.00000,1.8668e-10,    0.019997
 17, 18,  60.0,     -0.150293,      3.847767,      3.257117,Optimal,      346.30,   0.94473,   1.01986,   0.00000,1.8668e-10,    0.022846
 17, 18,  90.0,     -0.854749,      3.982414,      3.982414,Optimal,      336.00,   0.94684,   1.02856,   0.00000,1.8668e-10,    0.029151
 17, 18, 120.0,     -2.484519,      3.527990,      4.297588,Optimal,      311.36,   0.97281,   1.07829,   0.00000,1.8668e-10,    0.035534
 17, 18, 150.0,     -3.796352,      2.185004,      4.380239,Optimal,      311.76,   1.00000,   1.10000,   0.00000,1.8668e-10,    0.034838
 17, 18, 180.0,     -4.268826,      0.753709,      4.268826,Optimal,      347.98,   1.00000,   1.10000,   0.00000,1.8668e-10,    0.027148
 17, 18, 210.0,     -4.101051,      0.150382,      3.476424,Optimal,      353.33,   1.00000,   1.10000,   0.00000,1.8668e-10,    0.023552
 17, 18, 240.0,     -0.994222,     -2.694927,      2.830986,Optimal,      341.50,   1.00000,   1.10000,   0.00000,1.8668e-10,    0.007472
 17, 18, 270.0,     -0.079453,     -3.019269,      3.019269,Optimal,      350.80,   1.00000,   1.10000,   0.00000,1.8668e-10,    0.010067
 17, 18, 300.0,      0.100111,     -2.977449,      2.628602,Optimal,      354.44,   1.00000,   1.10000,   0.00000,1.8668e-10,    0.011073
 17, 18, 330.0,      0.183448,     -2.896161,      1.606951,Optimal,      347.78,   1.00000,   1.10000,   0.00000,1.8668e-10,    0.011811
 18, 19,   0.0,     -0.276344,      0.095089,     -0.276344,Optimal,      385.91,   0.94648,   1.09998,   0.00000,1.8668e-10,    0.027554
 18, 19,  30.0,     -0.461450,      3.751503,      1.476125,Optimal,      350.47,   0.94557,   1.02304,   0.00000,1.8668e-10,    0.023673
 18, 19,  60.0,     -0.593784,      3.877281,      3.060931,Optimal,      363.03,   0.94568,   1.02478,   0.00000,1.8668e-10,    0.026296
 18, 19,  90.0,     -1.103908,      3.976485,      3.976485,Optimal,      361.39,   0.94584,   1.03074,   0.00000,1.8668e-10,    0.030634
 18, 19, 120.0,     -2.492486,      3.549874,      4.320524,Optimal,      322.59,   0.97281,   1.08446,   0.00000,1.8668e-10,    0.035694
 18, 19, 150.0,     -3.806595,      2.195229,      4.394222,Optimal,      322.14,   1.00000,   1.10000,   0.00000,1.8668e-10,    0.034236
 18, 19, 180.0,     -4.298267,      0.697806,      4.298267,Optimal,      342.55,   1.00000,   1.10000,   0.00000,1.8668e-10,    0.026754
 18, 19, 210.0,     -4.143533,      0.189267,      3.493771,Optimal,      351.08,   1.00000,   1.10000,   0.00000,1.8668e-10,    0.023398
 18, 19, 240.0,     -1.321420,     -2.412915,      2.750355,Optimal,      348.81,   1.00000,   1.10000,   0.00000,1.8668e-10,    0.005854
 18, 19, 270.0,     -0.504080,     -2.717410,      2.717410,Optimal,      369.39,   1.00000,   1.10000,   0.00000,1.8668e-10,    0.008825
 18, 19, 300.0,     -0.410564,     -2.698660,      2.131826,Optimal,      358.59,   1.00000,   1.10000,   0.00000,1.8668e-10,    0.009032
 18, 19, 330.0,     -0.387510,     -2.677092,      1.002953,Optimal,      382.25,   1.00000,   1.10000,   0.00000,1.8668e-10,    0.009099
 19, 20,   0.0,     -0.658255,      0.216672,     -0.658255,Optimal,      376.56,   0.94700,   1.09999,   0.00000,1.8668e-10,    0.029995
 19, 20,  30.0,     -0.829012,      3.782342,      1.173225,Optimal,      341.33,   0.94606,   1.02753,   0.00000,1.8668e-10,    0.026340
 19, 20,  60.0,     -0.913941,      3.862370,      2.887940,Optimal,      347.22,   0.94610,   1.02809,   0.00000,1.8668e-10,    0.027986
 19, 20,  90.0,     -1.352229,      3.941745,      3.941745,Optimal,      357.16,   0.94692,   1.05701,   0.00000,1.8668e-10,    0.034842
 19, 20, 120.0,     -2.456033,      3.588934,      4.336125,Optimal,      327.44,   0.97004,   1.08881,   0.00000,1.8668e-10,    0.036174
 19, 20, 150.0,     -3.810465,      2.200076,      4.399998,Optimal,      309.45,   1.00000,   1.09995,   0.00000,1.8668e-10,    0.033994
 19, 20, 180.0,     -4.319089,      0.621723,      4.319089,Optimal,      342.97,   1.00000,   1.10000,   0.00000,1.8668e-10,    0.025319
 19, 20, 210.0,     -4.192403,      0.239966,      3.510745,Optimal,      357.27,   1.00000,   1.10000,   0.00000,1.8668e-10,    0.024381
 19, 20, 240.0,     -1.546218,     -2.218226,      2.694149,Optimal,      349.30,   1.00000,   1.10000,   0.00000,1.8668e-10,    0.005935
 19, 20, 270.0,     -0.834233,     -2.495487,      2.495487,Optimal,      360.91,   1.00000,   1.10000,   0.00000,1.8668e-10,    0.008116
 19, 20, 300.0,     -0.781632,     -2.485484,      1.761676,Optimal,      354.88,   1.00000,   1.10000,   0.00000,1.8668e-10,    0.007231
 19, 20, 330.0,     -0.772177,     -2.476765,      0.569658,Optimal,      363.81,   1.00000,   1.10000,   0.00000,1.8668e-10,    0.007211
 20, 21,   0.0,     -1.010531,      0.424431,     -1.010531,Optimal,      395.20,   0.94915,   1.09998,   0.00000,1.8668e-10,    0.033816
 20, 21,  30.0,     -1.184989,      3.762533,      0.855036,Optimal,      344.44,   0.94792,   1.03632,   0.00000,1.8668e-10,    0.027781
 20, 21,  60.0,     -1.248901,      3.823143,      2.686488,Optimal,      353.09,   0.94798,   1.03624,   0.00000,1.8668e-10,    0.028906
 20, 21,  90.0,     -1.622588,      3.883752,      3.883752,Optimal,      360.03,   0.94707,   1.06749,   0.00000,1.8668e-10,    0.037364
 20, 21, 120.0,     -2.446465,      3.618382,      4.356843,Optimal,      326.17,   0.97069,   1.09998,   0.00000,1.8668e-10,    0.037843
 20, 21, 150.0,     -3.810433,      2.200133,      4.399998,Optimal,      293.66,   1.00000,   1.09943,   0.00000,1.8668e-10,    0.033890
 20, 21, 180.0,     -4.345924,      0.579447,      4.345924,Optimal,      334.98,   1.00000,   1.10000,   0.00000,1.8668e-10,    0.024201
 20, 21, 210.0,     -4.237702,      0.264617,      3.537649,Optimal,      357.33,   1.00000,   1.10000,   0.00000,1.8668e-10,    0.024898
 20, 21, 240.0,     -1.773504,     -2.031453,      2.646042,Optimal,      345.30,   1.00000,   1.10000,   0.00000,1.8668e-10,    0.007061
 20, 21, 270.0,     -1.167419,     -2.276837,      2.276837,Optimal,      354.97,   1.00000,   1.10000,   0.00000,1.8668e-10,    0.006465
 20, 21, 300.0,     -1.134921,     -2.271022,      1.399302,Optimal,      367.41,   1.00000,   1.10000,   0.00000,1.8668e-10,    0.006202
 20, 21, 330.0,     -1.129050,     -2.265349,      0.154888,Optimal,      372.06,   1.00000,   1.10000,   0.00000,1.8668e-10,    0.006120
 21, 22,   0.0,     -1.248413,      0.513274,     -1.248413,Optimal,      381.59,   0.95142,   1.09998,   0.00000,1.8668e-10,    0.036447
 21, 22,  30.0,     -1.426108,      3.735532,      0.632720,Optimal,      334.00,   0.94766,   1.04948,   0.00000,1.8668e-10,    0.030170
 21, 22,  60.0,     -1.475523,      3.781583,      2.537185,Optimal,      340.14,   0.94770,   1.04957,   0.00000,1.8668e-10,    0.030404
 21, 22,  90.0,     -1.805637,      3.832549,      3.832549,Optimal,      334.27,   0.94687,   1.07178,   0.00000,1.8668e-10,    0.038552
 21, 22, 120.0,     -2.440338,      3.637784,      4.370582,Optimal,      332.14,   0.97120,   1.10000,   0.00000,1.8668e-10,    0.038096
 21, 22, 150.0,     -3.810599,      2.199844,      4.399998,Optimal,      290.19,   1.00000,   1.09916,   0.00000,1.8668e-10,    0.033019
 21, 22, 180.0,     -4.361235,      0.540653,      4.361235,Optimal,      324.58,   1.00000,   1.10000,   0.00000,1.8668e-10,    0.024690
 21, 22, 210.0,     -4.285424,      0.308212,      3.557180,Optimal,      333.45,   1.00000,   1.10000,   0.00000,1.8668e-10,    0.025068
 21, 22, 240.0,     -1.954755,     -1.867417,      2.594608,Optimal,      343.17,   1.00000,   1.10000,   0.00000,1.8668e-10,    0.007870
 21, 22, 270.0,     -1.399190,     -2.096974,      2.096974,Optimal,      340.72,   1.00000,   1.10000,   0.00000,1.8668e-10,    0.006300
 21, 22, 300.0,     -1.375668,     -2.092834,      1.124613,Optimal,      331.98,   1.00000,   1.10000,   0.00000,1.8668e-10,    0.006574
 21, 22, 330.0,     -1.371391,     -2.088482,     -0.143418,Optimal,      342.56,   1.00000,   1.10000,   0.00000,1.8668e-10,    0.006576
 22, 23,   0.0,     -1.393682,      0.614650,     -1.393682,Optimal,      355.30,   0.95017,   1.09998,   0.00000,1.8668e-10,    0.037388
 22, 23,  30.0,     -1.574454,      3.719485,      0.496226,Optimal,      327.53,   0.94644,   1.05056,   0.00000,1.8668e-10,    0.030560
 22, 23,  60.0,     -1.608494,      3.751467,      2.444619,Optimal,      340.14,   0.94646,   1.05060,   0.00000,1.8668e-10,    0.030909
 22, 23,  90.0,     -1.885517,      3.792145,      3.792145,Optimal,      343.70,   0.94651,   1.08115,   0.00000,1.8668e-10,    0.038796
 22, 23, 120.0,     -2.449814,      3.633959,      4.372008,Optimal,      320.66,   0.96489,   1.10000,   0.00000,1.8668e-10,    0.037492
 22, 23, 150.0,     -3.810600,      2.199843,      4.399998,Optimal,      291.63,   1.00000,   1.09914,   0.00000,1.8668e-10,    0.032802
 22, 23, 180.0,     -4.364102,      0.521785,      4.364102,Optimal,      330.78,   1.00000,   1.10000,   0.00000,1.8668e-10,    0.024186
 22, 23, 210.0,     -4.295906,      0.314849,      3.562939,Optimal,      329.67,   1.00000,   1.10000,   0.00000,1.8668e-10,    0.024400
 22, 23, 240.0,     -2.045088,     -1.789507,      2.572302,Optimal,      335.36,   1.00000,   1.10000,   0.00000,1.8668e-10,    0.008319
 22, 23, 270.0,     -1.536984,     -2.002255,      2.002255,Optimal,      346.66,   1.00000,   1.10000,   0.00000,1.8668e-10,    0.006449
 22, 23, 300.0,     -1.523622,     -1.999827,      0.970090,Optimal,      347.92,   1.00000,   1.10000,   0.00000,1.8668e-10,    0.006477
 22, 23, 330.0,     -1.520959,     -1.997570,     -0.318404,Optimal,      367.63,   1.00000,   1.10000,   0.00000,1.8668e-10,    0.006397
 23, 24,   0.0,     -1.466428,      0.659462,     -1.466428,Optimal,      417.14,   0.95247,   1.09998,   0.00000,1.8668e-10,    0.037468
 23, 24,  30.0,     -1.645199,      3.734880,      0.442656,Optimal,      363.58,   0.94662,   1.05708,   0.00000,1.8668e-10,    0.031422
 23, 24,  60.0,     -1.665640,      3.753949,      2.418195,Optimal,      389.69,   0.94664,   1.05710,   0.00000,1.8668e-10,    0.031473
 23, 24,  90.0,     -1.900012,      3.784392,      3.784392,Optimal,      392.44,   0.94678,   1.06752,   0.00000,1.8668e-10,    0.036660
 23, 24, 120.0,     -2.454222,      3.632018,      4.372531,Optimal,      366.73,   0.95039,   1.09858,   0.00000,1.8668e-10,    0.037822
 23, 24, 150.0,     -3.810469,      2.200070,      4.399998,Optimal,      339.83,   1.00000,   1.09915,   0.00000,1.8668e-10,    0.033102
 23, 24, 180.0,     -4.367244,      0.512416,      4.367244,Optimal,      373.88,   1.00000,   1.10000,   0.00000,1.8668e-10,    0.024959
 23, 24, 210.0,     -4.302736,      0.315784,      3.568387,Optimal,      368.95,   1.00000,   1.10000,   0.00000,1.8668e-10,    0.025095
 23, 24, 240.0,     -2.080467,     -1.755856,      2.560849,Optimal,      374.91,   1.00000,   1.10000,   0.00000,1.8668e-10,    0.009564
 23, 24, 270.0,     -1.606666,     -1.959389,      1.959389,Optimal,      379.69,   1.00000,   1.10000,   0.00000,6.9442e-09,    0.007912
 23, 24, 300.0,     -1.598888,     -1.958090,      0.896312,Optimal,      379.67,   1.00000,   1.10000,   0.00000,1.8668e-10,    0.007907
 23, 24, 330.0,     -1.597512,     -1.956516,     -0.405228,Optimal,      378.23,   1.00000,   1.10000,   0.00000,1.8668e-10,    0.007884
 24, 25,   0.0,     -1.503001,      0.685883,     -1.503001,Optimal,      387.33,   0.95072,   1.09999,   0.00000,1.8668e-10,    0.038428
 24, 25,  30.0,     -1.678621,      3.729155,      0.410849,Optimal,      360.61,   0.94649,   1.05960,   0.00000,1.8668e-10,    0.031626
 24, 25,  60.0,     -1.697478,      3.746215,      2.395578,Optimal,      383.72,   0.94652,   1.05967,   0.00000,1.8668e-10,    0.031662
 24, 25,  90.0,     -1.936756,      3.775913,      3.775913,Optimal,      389.70,   0.94653,   1.07983,   0.00000,1.8668e-10,    0.039678
 24, 25, 120.0,     -2.469957,      3.629047,      4.377825,Optimal,      333.47,   0.94878,   1.10000,   0.00000,1.8668e-10,    0.039627
 24, 25, 150.0,     -3.810868,      2.199378,      4.399998,Optimal,      296.26,   1.00000,   1.09895,   0.00000,1.8668e-10,    0.032152
 24, 25, 180.0,     -4.368153,      0.522583,      4.368153,Optimal,      346.08,   1.00000,   1.10000,   0.00000,1.8668e-10,    0.024467
 24, 25, 210.0,     -4.296546,      0.303637,      3.569099,Optimal,      344.92,   1.00000,   1.10000,   0.00000,1.8668e-10,    0.025270
 24, 25, 240.0,     -2.125182,     -1.726236,      2.557556,Optimal,      346.91,   1.00000,   1.10000,   0.00000,1.8668e-10,    0.009575
 24, 25, 270.0,     -1.641931,     -1.935188,      1.935188,Optimal,      363.73,   1.00000,   1.10000,   0.00000,1.8668e-10,    0.008113
 24, 25, 300.0,     -1.633818,     -1.934218,      0.858173,Optimal,      365.70,   1.00000,   1.10000,   0.00000,1.8668e-10,    0.008008
 24, 25, 330.0,     -1.632704,     -1.932990,     -0.447468,Optimal,      370.66,   1.00000,   1.10000,   0.00000,1.8668e-10,    0.007951
 25, 26,   0.0,     -1.581270,      0.726482,     -1.581270,Optimal,      379.48,   0.95472,   1.09998,   0.00000,1.8668e-10,    0.039011
 25, 26,  30.0,     -1.758956,      3.698560,      0.325979,Optimal,      364.59,   0.94600,   1.06213,   0.00000,1.8668e-10,    0.032552
 25, 26,  60.0,     -1.775691,      3.714089,      2.328650,Optimal,      370.59,   0.94601,   1.06216,   0.00000,1.8668e-10,    0.032567
 25, 26,  90.0,     -2.004026,      3.740527,      3.740527,Optimal,      380.53,   0.94624,   1.08883,   0.00000,1.8668e-10,    0.040219
 25, 26, 120.0,     -2.501343,      3.607094,      4.374506,Optimal,      346.66,   0.94654,   1.10000,   0.00000,1.8668e-10,    0.039697
 25, 26, 150.0,     -3.810577,      2.199884,      4.399998,Optimal,      307.16,   1.00000,   1.09905,   0.00000,1.8668e-10,    0.032304
 25, 26, 180.0,     -4.364608,      0.520706,      4.364608,Optimal,      338.31,   1.00000,   1.10000,   0.00000,1.8668e-10,    0.024448
 25, 26, 210.0,     -4.298646,      0.311900,      3.566787,Optimal,      343.72,   1.00000,   1.10000,   0.00000,1.8668e-10,    0.024943
 25, 26, 240.0,     -2.185120,     -1.669302,      2.538218,Optimal,      357.83,   1.00000,   1.10000,   0.00000,1.8668e-10,    0.009516
 25, 26, 270.0,     -1.713543,     -1.872118,      1.872118,Optimal,      348.25,   1.00000,   1.10000,   0.00000,1.8668e-10,    0.008149
 25, 26, 300.0,     -1.710481,     -1.871618,      0.765628,Optimal,      348.05,   1.00000,   1.10000,   0.00000,1.8668e-10,    0.008135
 25, 26, 330.0,     -1.709391,     -1.870365,     -0.545193,Optimal,      356.56,   1.00000,   1.10000,   0.00000,1.8668e-10,    0.008156
 26, 27,   0.0,     -1.514025,      0.776764,     -1.514025,Optimal,      385.66,   0.95268,   1.09997,   0.00000,1.8668e-10,    0.039494
 26, 27,  30.0,     -1.690297,      3.714771,      0.393545,Optimal,      347.48,   0.94653,   1.05505,   0.00000,1.8668e-10,    0.032227
 26, 27,  60.0,     -1.704857,      3.728337,      2.376406,Optimal,      353.25,   0.94661,   1.05551,   0.00000,1.8668e-10,    0.032120
 26, 27,  90.0,     -1.947618,      3.754451,      3.754451,Optimal,      353.33,   0.94653,   1.08745,   0.00000,1.8668e-10,    0.040151
 26, 27, 120.0,     -2.474224,      3.617839,      4.370252,Optimal,      321.58,   0.95628,   1.10000,   0.00000,1.8668e-10,    0.040607
 26, 27, 150.0,     -3.810324,      2.200321,      4.399998,Optimal,      305.03,   1.00000,   1.09916,   0.00000,1.8668e-10,    0.034167
 26, 27, 180.0,     -4.357337,      0.535147,      4.357337,Optimal,      325.50,   1.00000,   1.10000,   0.00000,1.8668e-10,    0.024636
 26, 27, 210.0,     -4.280728,      0.304188,      3.555125,Optimal,      344.58,   1.00000,   1.10000,   0.00000,1.8668e-10,    0.024794
 26, 27, 240.0,     -2.145693,     -1.704393,      2.548894,Optimal,      341.08,   1.00000,   1.10000,   0.00000,1.8668e-10,    0.010448
 26, 27, 270.0,     -1.649027,     -1.917377,      1.917377,Optimal,      356.89,   1.00000,   1.10000,   0.00000,1.8668e-10,    0.008597
 26, 27, 300.0,     -1.644080,     -1.916602,      0.837786,Optimal,      349.50,   1.00000,   1.10000,   0.00000,1.8668e-10,    0.008590
 26, 27, 330.0,     -1.642843,     -1.915261,     -0.465113,Optimal,      357.84,   1.00000,   1.10000,   0.00000,1.8668e-10,    0.008609
 27, 28,   0.0,     -1.485715,      0.676002,     -1.485715,Optimal,      378.41,   0.95508,   1.09998,   0.00000,1.8668e-10,    0.037798
 27, 28,  30.0,     -1.659771,      3.721622,      0.423407,Optimal,      323.17,   0.94626,   1.05844,   0.00000,1.8668e-10,    0.031774
 27, 28,  60.0,     -1.672378,      3.733237,      2.396889,Optimal,      347.30,   0.94627,   1.05848,   0.00000,1.8668e-10,    0.031703
 27, 28,  90.0,     -1.915070,      3.759185,      3.759185,Optimal,      356.59,   0.94626,   1.08810,   0.00000,1.8668e-10,    0.040249
 27, 28, 120.0,     -2.481313,      3.607692,      4.365010,Optimal,      312.03,   0.95914,   1.09999,   0.00000,1.8668e-10,    0.040641
 27, 28, 150.0,     -3.810285,      2.200387,      4.399997,Optimal,      297.02,   1.00000,   1.09920,   0.00000,1.8668e-10,    0.034318
 27, 28, 180.0,     -4.357273,      0.535286,      4.357273,Optimal,      354.61,   1.00000,   1.10000,   0.00000,1.8668e-10,    0.023961
 27, 28, 210.0,     -4.275717,      0.294115,      3.555823,Optimal,      325.73,   1.00000,   1.10000,   0.00000,1.8668e-10,    0.024497
 27, 28, 240.0,     -2.087439,     -1.759782,      2.567736,Optimal,      341.27,   1.00000,   1.10000,   0.00000,1.8668e-10,    0.008846
 27, 28, 270.0,     -1.615139,     -1.961723,      1.961723,Optimal,      338.11,   1.00000,   1.10000,   0.00000,1.8668e-10,    0.007385
 27, 28, 300.0,     -1.610943,     -1.961026,      0.892827,Optimal,      353.16,   1.00000,   1.10000,   0.00000,1.8668e-10,    0.007368
 27, 28, 330.0,     -1.609166,     -1.959132,     -0.414013,Optimal,      350.89,   1.00000,   1.10000,   0.00000,1.8668e-10,    0.007344
 28, 29,   0.0,     -1.371998,      0.583463,     -1.371998,Optimal,      401.00,   0.95346,   1.09999,   0.00000,1.8668e-10,    0.037394
 28, 29,  30.0,     -1.539675,      3.751975,      0.542590,Optimal,      348.34,   0.94603,   1.05126,   0.00000,1.8668e-10,    0.031221
 28, 29,  60.0,     -1.551851,      3.763601,      2.483448,Optimal,      355.11,   0.94604,   1.05128,   0.00000,1.8668e-10,    0.031254
 28, 29,  90.0,     -1.817858,      3.792981,      3.792981,Optimal,      361.69,   0.94607,   1.08055,   0.00000,1.8668e-10,    0.039715
 28, 29, 120.0,     -2.472652,      3.603334,      4.356904,Optimal,      330.39,   0.96407,   1.09723,   0.00000,1.8668e-10,    0.039670
 28, 29, 150.0,     -3.810533,      2.199959,      4.399998,Optimal,      306.17,   1.00000,   1.09915,   0.00000,1.8668e-10,    0.034278
 28, 29, 180.0,     -4.354947,      0.549143,      4.354947,Optimal,      344.64,   1.00000,   1.10000,   0.00000,1.8668e-10,    0.025565
 28, 29, 210.0,     -4.260065,      0.280603,      3.549023,Optimal,      337.97,   1.00000,   1.10000,   0.00000,1.8668e-10,    0.024731
 28, 29, 240.0,     -1.984025,     -1.859373,      2.602276,Optimal,      348.61,   1.00000,   1.10000,   0.00000,1.8668e-10,    0.008790
 28, 29, 270.0,     -1.496043,     -2.071451,      2.071451,Optimal,      375.16,   1.00000,   1.10000,   0.00000,1.8668e-10,    0.007330
 28, 29, 300.0,     -1.493010,     -2.070818,      1.046876,Optimal,      359.20,   1.00000,   1.10000,   0.00000,1.8668e-10,    0.007343
 28, 29, 330.0,     -1.492423,     -2.070240,     -0.257356,Optimal,      372.47,   1.00000,   1.10000,   0.00000,1.8668e-10,    0.007341
 29, 30,   0.0,     -1.233992,      0.585066,     -1.233992,Optimal,      367.14,   0.95084,   1.09997,   0.00000,1.8668e-10,    0.037814
 29, 30,  30.0,     -1.394879,      3.785293,      0.684646,Optimal,      332.34,   0.94593,   1.03974,   0.00000,1.8668e-10,    0.030253
 29, 30,  60.0,     -1.404794,      3.794382,      2.583634,Optimal,      353.14,   0.94592,   1.03977,   0.00000,1.8668e-10,    0.030295
 29, 30,  90.0,     -1.678856,      3.826642,      3.826642,Optimal,      347.38,   0.94593,   1.06916,   0.00000,1.8668e-10,    0.037970
 29, 30, 120.0,     -2.469878,      3.582272,      4.337278,Optimal,      310.14,   0.96818,   1.09252,   0.00000,1.8668e-10,    0.037490
 29, 30, 150.0,     -3.810604,      2.199837,      4.399998,Optimal,      310.11,   1.00000,   1.09970,   0.00000,1.8668e-10,    0.034817
 29, 30, 180.0,     -4.336793,      0.571748,      4.336793,Optimal,      359.27,   1.00000,   1.10000,   0.00000,1.8668e-10,    0.024040
 29, 30, 210.0,     -4.225079,      0.254700,      3.531676,Optimal,      337.63,   1.00000,   1.10000,   0.00000,1.8668e-10,    0.024297
 29, 30, 240.0,     -1.859376,     -1.973627,      2.638899,Optimal,      350.22,   1.00000,   1.10000,   0.00000,1.8668e-10,    0.008050
 29, 30, 270.0,     -1.357141,     -2.188893,      2.188893,Optimal,      341.99,   1.00000,   1.10000,   0.00000,1.8668e-10,    0.005443
 29, 30, 300.0,     -1.351710,     -2.188429,      1.219381,Optimal,      351.55,   1.00000,   1.10000,   0.00000,1.8668e-10,    0.005459
 29, 30, 330.0,     -1.351256,     -2.187912,     -0.076266,Optimal,      360.47,   1.00000,   1.10000,   0.00000,1.8668e-10,    0.005453
 30, 31,   0.0,     -1.088450,      0.539766,     -1.088450,Optimal,      369.61,   0.95195,   1.09998,   0.00000,1.8668e-10,    0.037595
 30, 31,  30.0,     -1.234044,      3.815678,      0.839125,Optimal,      325.31,   0.94742,   1.03243,   0.00000,1.8668e-10,    0.030335
 30, 31,  60.0,     -1.241414,      3.822692,      2.689841,Optimal,      338.69,   0.94744,   1.03237,   0.00000,1.8668e-10,    0.030358
 30, 31,  90.0,     -1.527734,      3.857407,      3.857407,Optimal,      334.27,   0.94750,   1.05415,   0.00000,1.8668e-10,    0.035680
 30, 31, 120.0,     -2.460997,      3.562666,      4.315857,Optimal,      315.81,   0.96707,   1.08893,   0.00000,1.8668e-10,    0.034675
 30, 31, 150.0,     -3.804824,      2.184858,      4.387503,Optimal,      317.70,   1.00000,   1.10000,   0.00000,1.8668e-10,    0.033944
 30, 31, 180.0,     -4.304211,      0.656976,      4.304211,Optimal,      329.45,   1.00000,   1.10000,   0.00000,1.8668e-10,    0.025281
 30, 31, 210.0,     -4.172943,      0.217072,      3.505339,Optimal,      346.33,   1.00000,   1.10000,   0.00000,1.8668e-10,    0.024663
 30, 31, 240.0,     -1.718924,     -2.084517,      2.664707,Optimal,      348.53,   1.00000,   1.10000,   0.00000,1.8668e-10,    0.005475
 30, 31, 270.0,     -1.203189,     -2.302156,      2.302156,Optimal,      341.81,   1.00000,   1.10000,   0.00000,1.8668e-10,    0.006449
 30, 31, 300.0,     -1.197597,     -2.301607,      1.394451,Optimal,      345.84,   1.00000,   1.10000,   0.00000,1.8668e-10,    0.006467
 30, 31, 330.0,     -1.197203,     -2.300972,      0.113677,Optimal,      350.75,   1.00000,   1.10000,   0.00000,1.8668e-10,    0.006469
 31, 32,   0.0,     -0.903731,      0.452078,     -0.903731,Optimal,      396.88,   0.95185,   1.09997,   0.00000,1.8668e-10,    0.036714
 31, 32,  30.0,     -1.037560,      3.854469,      1.028681,Optimal,      345.36,   0.94665,   1.03603,   0.00000,1.8668e-10,    0.027630
 31, 32,  60.0,     -1.044984,      3.861134,      2.821348,Optimal,      363.78,   0.94665,   1.03618,   0.00000,1.8668e-10,    0.027692
 31, 32,  90.0,     -1.347945,      3.893151,      3.893151,Optimal,      355.75,   0.94699,   1.03513,   0.00000,1.8668e-10,    0.030129
 31, 32, 120.0,     -2.481478,      3.520366,      4.289465,Optimal,      338.30,   0.96815,   1.07738,   0.00000,1.8668e-10,    0.034756
 31, 32, 150.0,     -3.795599,      2.173418,      4.373794,Optimal,      341.45,   1.00000,   1.10000,   0.00000,1.8668e-10,    0.035540
 31, 32, 180.0,     -4.272821,      0.718595,      4.272821,Optimal,      358.45,   1.00000,   1.10000,   0.00000,1.8668e-10,    0.026232
 31, 32, 210.0,     -4.128066,      0.186863,      3.481578,Optimal,      358.55,   1.00000,   1.10000,   0.00000,1.8668e-10,    0.024324
 31, 32, 240.0,     -1.565800,     -2.220380,      2.705805,Optimal,      368.59,   1.00000,   1.10000,   0.00000,1.8668e-10,    0.005642
 31, 32, 270.0,     -1.013918,     -2.451819,      2.451819,Optimal,      374.59,   1.00000,   1.10000,   0.00000,1.8668e-10,    0.005979
 31, 32, 300.0,     -1.005128,     -2.450718,      1.619820,Optimal,      371.13,   1.00000,   1.10000,   0.00000,1.8668e-10,    0.005990
 31, 32, 330.0,     -1.004870,     -2.450363,      0.354939,Optimal,      367.67,   1.00000,   1.10000,   0.00000,1.8668e-10,    0.006002
 32, 33,   0.0,     -0.617308,      0.302440,     -0.617308,Optimal,      344.80,   0.94707,   1.10006,   0.00000,1.8668e-10,    0.035307
 32, 33,  30.0,     -0.726341,      3.891081,      1.316511,Optimal,      316.97,   0.94544,   1.02142,   0.00000,1.8668e-10,    0.026933
 32, 33,  60.0,     -0.734475,      3.898802,      3.009224,Optimal,      336.19,   0.94547,   1.02142,   0.00000,1.8668e-10,    0.026900
 32, 33,  90.0,     -1.048442,      3.933530,      3.933530,Optimal,      331.05,   0.94548,   1.02562,   0.00000,1.8668e-10,    0.029676
 32, 33, 120.0,     -2.403265,      3.503620,      4.235856,Optimal,      306.78,   0.96722,   1.06991,   0.00000,1.8668e-10,    0.033055
 32, 33, 150.0,     -3.768479,      2.145079,      4.336138,Optimal,      319.84,   1.00000,   1.10000,   0.00000,1.8668e-10,    0.033891
 32, 33, 180.0,     -4.193911,      0.720453,      4.193911,Optimal,      324.69,   1.00000,   1.10000,   0.00000,1.8668e-10,    0.025114
 32, 33, 210.0,     -4.031586,      0.123798,      3.429557,Optimal,      334.83,   1.00000,   1.10000,   0.00000,1.8668e-10,    0.025046
 32, 33, 240.0,     -1.325919,     -2.408960,      2.749180,Optimal,      323.20,   1.00000,   1.10000,   0.00000,1.8668e-10,    0.005823
 32, 33, 270.0,     -0.717085,     -2.656308,      2.656308,Optimal,      337.61,   1.00000,   1.10000,   0.00000,1.8668e-10,    0.007187
 32, 33, 300.0,     -0.710328,     -2.655451,      1.944524,Optimal,      336.33,   1.00000,   1.10000,   0.00000,2.9002e-09,    0.007196
 32, 33, 330.0,     -0.709481,     -2.654353,      0.712748,Optimal,      328.13,   1.00000,   1.10000,   0.00000,1.8668e-10,    0.007199
 33, 34,   0.0,     -0.274435,      0.354569,     -0.274435,Optimal,      333.55,   0.94775,   1.10028,   0.00000,1.8668e-10,    0.035123
 33, 34,  30.0,     -0.359623,      3.906338,      1.641726,Optimal,      319.38,   0.94503,   1.01786,   0.00000,1.8668e-10,    0.025123
 33, 34,  60.0,     -0.377909,      3.923838,      3.209189,Optimal,      333.53,   0.94504,   1.01782,   0.00000,1.8668e-10,    0.025258
 33, 34,  90.0,     -0.709082,      3.962713,      3.962713,Optimal,      318.73,   0.94562,   1.02195,   0.00000,1.8668e-10,    0.029619
 33, 34, 120.0,     -2.302081,      3.485937,      4.169950,Optimal,      314.39,   0.96895,   1.06061,   0.00000,1.8668e-10,    0.030071
 33, 34, 150.0,     -3.713429,      2.082034,      4.256941,Optimal,      317.95,   1.00000,   1.10000,   0.00000,1.8668e-10,    0.030676
 33, 34, 180.0,     -4.106841,      0.722739,      4.106841,Optimal,      335.95,   1.00000,   1.10000,   0.00000,1.8668e-10,    0.023206
 33, 34, 210.0,     -3.928703,      0.067736,      3.368489,Optimal,      330.91,   1.00000,   1.10000,   0.00000,1.8668e-10,    0.024611
 33, 34, 240.0,     -1.064631,     -2.614285,      2.796353,Optimal,      323.02,   1.00000,   1.10000,   0.00000,1.8668e-10,    0.006195
 33, 34, 270.0,     -0.368853,     -2.891486,      2.891486,Optimal,      327.42,   1.00000,   1.10000,   0.00000,1.8668e-10,    0.007741
 33, 34, 300.0,     -0.358351,     -2.889331,      2.323059,Optimal,      327.59,   1.00000,   1.10000,   0.00000,1.8668e-10,    0.008199
 33, 34, 330.0,     -0.356796,     -2.887973,      1.134992,Optimal,      340.17,   1.00000,   1.10000,   0.00000,1.8668e-10,    0.008205
 34, 35,   0.0,      0.048257,      0.177915,      0.048257,Optimal,      376.64,   0.94531,   1.09997,   0.00000,1.8668e-10,    0.031528
 34, 35,  30.0,     -0.027920,      3.878136,      1.914889,Optimal,      370.92,   0.94475,   1.01802,   0.00000,1.8668e-10,    0.021018
 34, 35,  60.0,     -0.069889,      3.921172,      3.360890,Optimal,      367.69,   0.94486,   1.01772,   0.00000,1.8668e-10,    0.023732
 34, 35,  90.0,     -0.445100,      3.971847,      3.971847,Optimal,      367.55,   0.94652,   1.02179,   0.00000,1.8668e-10,    0.027330
 34, 35, 120.0,     -2.189394,      3.482377,      4.110523,Optimal,      333.06,   0.96629,   1.06602,   0.00000,1.8668e-10,    0.028911
 34, 35, 150.0,     -3.614535,      2.063724,      4.162142,Optimal,      355.17,   1.00000,   1.10000,   0.00000,1.8668e-10,    0.031798
 34, 35, 180.0,     -4.009903,      0.699694,      4.009903,Optimal,      367.98,   1.00000,   1.10000,   0.00000,1.8668e-10,    0.024135
 34, 35, 210.0,     -3.810463,     -0.019664,      3.309790,Optimal,      369.38,   1.00000,   1.10000,   0.00000,1.8668e-10,    0.022558
 34, 35, 240.0,     -0.795831,     -2.820338,      2.840400,Optimal,      343.78,   1.00000,   1.10000,   0.00000,1.8668e-10,    0.007861
 34, 35, 270.0,     -0.044410,     -3.112604,      3.112604,Optimal,      370.89,   1.00000,   1.10000,   0.00000,1.8668e-10,    0.009800
 34, 35, 300.0,     -0.025948,     -3.108101,      2.678720,Optimal,      366.83,   1.00000,   1.10000,   0.00000,1.8668e-10,    0.009781
 34, 35, 330.0,     -0.023873,     -3.106100,      1.532375,Optimal,      373.33,   1.00000,   1.10000,   0.00000,1.8668e-10,    0.009694
 35, 36,   0.0,      0.510849,      0.862444,      0.510849,Optimal,      347.05,   0.94461,   1.09943,   0.00000,1.8668e-10,    0.033250
 35, 36,  30.0,      0.471264,      3.750264,      2.283259,Optimal,      326.00,   0.94460,   1.01132,   0.00000,1.8668e-10,    0.016562
 35, 36,  60.0,      0.305528,      3.922996,      3.550179,Optimal,      332.55,   0.94490,   1.01011,   0.00000,1.8668e-10,    0.022754
 35, 36,  90.0,     -0.211407,      3.984657,      3.984657,Optimal,      341.02,   0.94619,   1.01503,   0.00000,1.8668e-10,    0.025334
 35, 36, 120.0,     -2.004079,      3.486966,      4.021840,Optimal,      338.44,   0.96099,   1.06325,   0.00000,1.8668e-10,    0.028984
 35, 36, 150.0,     -3.415270,      2.089444,      4.002432,Optimal,      337.28,   1.00000,   1.10000,   0.00000,1.8668e-10,    0.028778
 35, 36, 180.0,     -3.842834,      0.620674,      3.842834,Optimal,      352.80,   1.00000,   1.10000,   0.00000,1.8668e-10,    0.024729
 35, 36, 210.0,     -3.645450,     -0.095173,      3.204639,Optimal,      357.31,   1.00000,   1.10000,   0.00000,1.8668e-10,    0.020324
 35, 36, 240.0,     -0.487417,     -3.023786,      2.862384,Optimal,      326.03,   1.00000,   1.10000,   0.00000,1.8668e-10,    0.008792
 35, 36, 270.0,      0.388884,     -3.349364,      3.349364,Optimal,      355.42,   1.00000,   1.10000,   0.00000,1.8668e-10,    0.012439
 35, 36, 300.0,      0.442866,     -3.340071,      3.114020,Optimal,      349.89,   1.00000,   1.10000,   0.00000,1.8668e-10,    0.012735
 35, 36, 330.0,      0.444879,     -3.338285,      2.054419,Optimal,      359.23,   1.00000,   1.10000,   0.00000,1.8668e-10,    0.012737
 36, 37,   0.0,      0.842181,      2.404007,      0.842181,Optimal,      326.39,   0.94456,   1.08219,   0.00000,1.8668e-10,    0.023907
 36, 37,  30.0,      0.798578,      3.610694,      2.496936,Optimal,      323.97,   0.94454,   1.00933,   0.00000,1.8668e-10,    0.014008
 36, 37,  60.0,      0.517821,      3.890430,      3.628122,Optimal,      338.45,   0.94460,   1.00849,   0.00000,1.8668e-10,    0.018262
 36, 37,  90.0,     -0.095341,      3.974831,      3.974831,Optimal,      329.23,   0.94567,   1.01428,   0.00000,1.8668e-10,    0.025499
 36, 37, 120.0,     -1.886200,      3.476108,      3.953498,Optimal,      313.55,   0.96328,   1.05218,   0.00000,1.8668e-10,    0.030193
 36, 37, 150.0,     -3.317683,      2.051874,      3.899135,Optimal,      327.06,   1.00000,   1.10000,   0.00000,1.8668e-10,    0.027941
 36, 37, 180.0,     -3.749421,      0.585349,      3.749421,Optimal,      336.88,   1.00000,   1.10000,   0.00000,1.8668e-10,    0.023539
 36, 37, 210.0,     -3.548058,     -0.147740,      3.146578,Optimal,      339.13,   1.00000,   1.10000,   0.00000,1.8668e-10,    0.019168
 36, 37, 240.0,     -0.322567,     -3.133889,      2.875310,Optimal,      330.94,   1.00000,   1.10000,   0.00000,1.8668e-10,    0.010240
 36, 37, 270.0,      0.654922,     -3.498181,      3.498181,Optimal,      357.84,   1.00000,   1.10000,   0.00000,1.8668e-10,    0.013733
 36, 37, 300.0,      0.763679,     -3.474619,      3.390948,Optimal,      354.69,   1.00000,   1.10000,   0.00000,1.8668e-10,    0.013749
 36, 37, 330.0,      0.776778,     -3.462644,      2.404032,Optimal,      374.76,   1.00000,   1.10000,   0.00000,1.8668e-10,    0.013643
 37, 38,   0.0,      1.154703,      3.079859,      1.154703,Optimal,      374.50,   0.94455,   1.01949,   0.00000,1.8668e-10,    0.014561
 37, 38,  30.0,      1.108352,      3.429640,      2.674681,Optimal,      370.08,   0.94453,   1.00877,   0.00000,1.8668e-10,    0.013309
 37, 38,  60.0,      0.660166,      3.871221,      3.682659,Optimal,      372.81,   0.94486,   1.00839,   0.00000,1.8668e-10,    0.016247
 37, 38,  90.0,      0.014091,      3.965923,      3.965923,Optimal,      361.97,   0.94554,   1.01402,   0.00000,1.8668e-10,    0.023989
 37, 38, 120.0,     -1.765091,      3.468607,      3.886447,Optimal,      345.09,   0.95716,   1.04699,   0.00000,1.8668e-10,    0.029410
 37, 38, 150.0,     -3.201398,      2.034996,      3.789990,Optimal,      349.34,   1.00000,   1.10000,   0.00000,1.8668e-10,    0.026771
 37, 38, 180.0,     -3.643449,      0.548238,      3.643449,Optimal,      390.81,   1.00000,   1.10000,   0.00000,1.8668e-10,    0.023416
 37, 38, 210.0,     -3.430529,     -0.221508,      3.081680,Optimal,      381.84,   1.00000,   1.10000,   0.00000,1.8668e-10,    0.017143
 37, 38, 240.0,     -0.148478,     -3.241953,      2.881852,Optimal,      379.89,   1.00000,   1.10000,   0.00000,1.8668e-10,    0.012052
 37, 38, 270.0,      0.842309,     -3.608031,      3.608031,Optimal,      431.52,   1.00000,   1.10000,   0.00000,1.8668e-10,    0.017480
 37, 38, 300.0,      1.039487,     -3.559084,      3.602001,Optimal,      406.55,   1.00000,   1.10000,   0.00000,1.8668e-10,    0.018844
 37, 38, 330.0,      1.082764,     -3.524803,      2.700103,Optimal,      437.78,   1.00000,   1.10000,   0.00000,1.8668e-10,    0.018186
 38, 39,   0.0,      1.542035,      2.950431,      1.542035,Optimal,      319.83,   0.94455,   1.00998,   0.00000,1.8668e-10,    0.012542
 38, 39,  30.0,      1.492557,      3.158984,      2.872084,Optimal,      306.33,   0.94454,   1.00817,   0.00000,1.8668e-10,    0.012997
 38, 39,  60.0,      0.790341,      3.842281,      3.722683,Optimal,      311.97,   0.94483,   1.00652,   0.00000,1.8668e-10,    0.016205
 38, 39,  90.0,      0.115552,      3.955832,      3.955832,Optimal,      311.45,   0.94542,   1.01205,   0.00000,1.8668e-10,    0.023480
 38, 39, 120.0,     -1.633846,      3.464937,      3.817647,Optimal,      280.25,   0.95323,   1.04537,   0.00000,1.8668e-10,    0.025868
 38, 39, 150.0,     -3.069220,      2.031524,      3.673785,Optimal,      306.67,   1.00000,   1.10000,   0.00000,1.8668e-10,    0.022227
 38, 39, 180.0,     -3.526779,      0.526448,      3.526779,Optimal,      332.58,   1.00000,   1.10000,   0.00000,1.8668e-10,    0.022581
 38, 39, 210.0,     -3.269798,     -0.327967,      2.995712,Optimal,      350.47,   1.00000,   1.10000,   0.00000,1.8668e-10,    0.016533
 38, 39, 240.0,      0.003607,     -3.329432,      2.881569,Optimal,      341.48,   1.00000,   1.10000,   0.00000,1.8668e-10,    0.014860
 38, 39, 270.0,      0.890464,     -3.665713,      3.665713,Optimal,      351.14,   1.00000,   1.10000,   0.00000,1.8668e-10,    0.018483
 38, 39, 300.0,      1.390884,     -3.517535,      3.741717,Optimal,      335.86,   1.00000,   1.10000,   0.00000,1.8668e-10,    0.019637
 38, 39, 330.0,      1.459821,     -3.460740,      2.994612,Optimal,      348.30,   1.00000,   1.10000,   0.00000,1.8668e-10,    0.019389
 39, 40,   0.0,      2.150928,      2.366198,      2.150928,Optimal,      357.91,   0.94454,   1.01379,   0.00000,1.8668e-10,    0.012742
 39, 40,  30.0,      2.079420,      2.769629,      3.185645,Optimal,      342.89,   0.94453,   1.00835,   0.00000,1.8668e-10,    0.011419
 39, 40,  60.0,      0.943412,      3.832601,      3.790836,Optimal,      363.34,   0.94478,   1.00665,   0.00000,1.8668e-10,    0.015932
 39, 40,  90.0,      0.261463,      3.955903,      3.955903,Optimal,      351.56,   0.94537,   1.00914,   0.00000,1.8668e-10,    0.020797
 39, 40, 120.0,     -1.393803,      3.479020,      3.709821,Optimal,      323.00,   0.95323,   1.03321,   0.00000,1.8668e-10,    0.024714
 39, 40, 150.0,     -2.819541,      2.063116,      3.473352,Optimal,      337.61,   0.99678,   1.09289,   0.00000,1.8668e-10,    0.023350
 39, 40, 180.0,     -3.259018,      0.555536,      3.259018,Optimal,      374.97,   1.00000,   1.10000,   0.00000,1.8668e-10,    0.022202
 39, 40, 210.0,     -2.960050,     -0.529204,      2.828080,Optimal,      356.33,   1.00000,   1.10000,   0.00000,1.8668e-10,    0.016757
 39, 40, 240.0,      0.147958,     -3.372707,      2.846871,Optimal,      374.66,   1.00000,   1.10000,   0.00000,1.8668e-10,    0.016431
 39, 40, 270.0,      0.997331,     -3.682538,      3.682538,Optimal,      395.91,   1.00000,   1.10000,   0.00000,1.8668e-10,    0.020338
 39, 40, 300.0,      1.770266,     -3.443396,      3.867201,Optimal,      369.02,   1.00000,   1.10000,   0.00000,1.8668e-10,    0.029358
 39, 40, 330.0,      2.048818,     -3.228021,      3.388339,Optimal,      365.89,   0.98829,   1.09997,   0.00000,1.8668e-10,    0.036117
 40, 41,   0.0,      2.700931,      1.756032,      2.700931,Optimal,      316.28,   0.94456,   1.01445,   0.00000,1.8668e-10,    0.016862
 40, 41,  30.0,      2.593345,      2.371450,      3.431628,Optimal,      311.75,   0.94454,   1.00710,   0.00000,1.8668e-10,    0.014215
 40, 41,  60.0,      1.036402,      3.809758,      3.817548,Optimal,      332.13,   0.94476,   1.00581,   0.00000,1.8668e-10,    0.016169
 40, 41,  90.0,      0.297575,      3.953227,      3.953227,Optimal,      335.09,   0.94541,   1.00948,   0.00000,1.8668e-10,    0.020316
 40, 41, 120.0,     -1.314254,      3.484216,      3.674546,Optimal,      316.78,   0.94991,   1.03026,   0.00000,1.8668e-10,    0.023425
 40, 41, 150.0,     -2.642449,      2.179535,      3.378195,Optimal,      306.95,   0.98363,   1.08835,   0.00000,1.8668e-10,    0.021554
 40, 41, 180.0,     -3.111040,      0.524699,      3.111040,Optimal,      359.13,   1.00000,   1.10000,   0.00000,1.8668e-10,    0.019335
 40, 41, 210.0,     -2.791672,     -0.665808,      2.750563,Optimal,      336.22,   1.00000,   1.10000,   0.00000,1.8668e-10,    0.014849
 40, 41, 240.0,      0.229910,     -3.411869,      2.839810,Optimal,      334.20,   1.00000,   1.10000,   0.00000,1.8668e-10,    0.020227
 40, 41, 270.0,      1.023030,     -3.683792,      3.683792,Optimal,      343.70,   1.00000,   1.10000,   0.00000,1.8668e-10,    0.023018
 40, 41, 300.0,      1.998360,     -3.402777,      3.946071,Optimal,      326.34,   1.00000,   1.10000,   0.00000,1.8668e-10,    0.029329
 40, 41, 330.0,      2.598702,     -2.843108,      3.672096,Optimal,      337.17,   0.95808,   1.08862,   0.00000,1.8668e-10,    0.038327
 41, 42,   0.0,      3.234458,      0.980881,      3.234458,Optimal,      356.81,   0.94456,   1.01761,   0.00000,1.8668e-10,    0.021485
 41, 42,  30.0,      3.001882,      2.073768,      3.636590,Optimal,      365.28,   0.94453,   1.00569,   0.00000,1.8668e-10,    0.016988
 41, 42,  60.0,      1.116517,      3.780762,      3.832495,Optimal,      352.00,   0.94459,   1.00502,   0.00000,1.8668e-10,    0.015795
 41, 42,  90.0,      0.307102,      3.948926,      3.948926,Optimal,      327.16,   0.94542,   1.01117,   0.00000,1.8668e-10,    0.020460
 41, 42, 120.0,     -1.267240,      3.489547,      3.655656,Optimal,      332.50,   0.94974,   1.03039,   0.00000,1.8668e-10,    0.024302
 41, 42, 150.0,     -2.532499,      2.237697,      3.312057,Optimal,      322.92,   0.98500,   1.08806,   0.00000,1.8668e-10,    0.019409
 41, 42, 180.0,     -2.995554,      0.463263,      2.995554,Optimal,      381.64,   1.00000,   1.10000,   0.00000,1.8668e-10,    0.017253
 41, 42, 210.0,     -2.681357,     -0.752851,      2.698549,Optimal,      350.63,   1.00000,   1.10000,   0.00000,1.8668e-10,    0.014426
 41, 42, 240.0,      0.253612,     -3.417791,      2.833088,Optimal,      368.48,   1.00000,   1.10001,   0.00000,1.8668e-10,    0.020732
 41, 42, 270.0,      1.048116,     -3.680791,      3.680791,Optimal,      365.47,   1.00000,   1.10000,   0.00000,1.8668e-10,    0.024368
 41, 42, 300.0,      2.212462,     -3.341316,      3.999895,Optimal,      344.33,   1.00000,   1.10000,   0.00000,1.8668e-10,    0.030052
 41, 42, 330.0,      2.973885,     -2.591209,      3.871065,Optimal,      361.64,   0.98002,   1.07916,   0.00000,1.8668e-10,    0.035289
 42, 43,   0.0,      3.523742,      0.577692,      3.523742,Optimal,      316.92,   0.94457,   1.02141,   0.00000,1.8668e-10,    0.021630
 42, 43,  30.0,      3.250231,      1.884510,      3.757038,Optimal,      323.11,   0.94454,   1.00573,   0.00000,1.8668e-10,    0.016922
 42, 43,  60.0,      1.150449,      3.768553,      3.838887,Optimal,      317.09,   0.94458,   1.00519,   0.00000,1.8668e-10,    0.016756
 42, 43,  90.0,      0.312722,      3.949884,      3.949884,Optimal,      318.34,   0.94540,   1.01050,   0.00000,1.8668e-10,    0.020170
 42, 43, 120.0,     -1.245295,      3.493222,      3.647866,Optimal,      314.61,   0.94970,   1.02947,   0.00000,1.8668e-10,    0.023576
 42, 43, 150.0,     -2.461169,      2.299529,      3.281199,Optimal,      313.47,   0.99109,   1.08419,   0.00000,1.8668e-10,    0.018468
 42, 43, 180.0,     -2.912882,      0.414845,      2.912882,Optimal,      375.70,   1.00000,   1.10000,   0.00000,1.8668e-10,    0.014518
 42, 43, 210.0,     -2.606504,     -0.818755,      2.666676,Optimal,      317.95,   1.00000,   1.10000,   0.00000,1.8668e-10,    0.014449
 42, 43, 240.0,      0.264170,     -3.419040,      2.828890,Optimal,      334.20,   1.00000,   1.10000,   0.00000,1.8668e-10,    0.020156
 42, 43, 270.0,      1.051002,     -3.680447,      3.680447,Optimal,      350.25,   1.00000,   1.10000,   0.00000,1.8668e-10,    0.025152
 42, 43, 300.0,      2.323148,     -3.304055,      4.022970,Optimal,      328.20,   1.00000,   1.10000,   0.00000,1.8668e-10,    0.030343
 42, 43, 330.0,      3.258599,     -2.371906,      4.007982,Optimal,      324.72,   0.95058,   1.07103,   0.00000,1.8668e-10,    0.036596
 43, 44,   0.0,      3.734265,      0.129308,      3.734265,Optimal,      331.38,   0.94467,   1.03762,   0.00000,1.8668e-10,    0.023936
 43, 44,  30.0,      3.432719,      1.709202,      3.827423,Optimal,      330.23,   0.94454,   1.00399,   0.00000,1.8668e-10,    0.020447
 43, 44,  60.0,      1.176754,      3.755254,      3.840522,Optimal,      319.95,   0.94459,   1.00405,   0.00000,1.8668e-10,    0.017058
 43, 44,  90.0,      0.301074,      3.949897,      3.949897,Optimal,      309.66,   0.94542,   1.01001,   0.00000,1.8668e-10,    0.020715
 43, 44, 120.0,     -1.248355,      3.496895,      3.652577,Optimal,      320.95,   0.94999,   1.02941,   0.00000,1.8668e-10,    0.023624
 43, 44, 150.0,     -2.381726,      2.385242,      3.255256,Optimal,      299.39,   0.98820,   1.08157,   0.00000,1.8668e-10,    0.018974
 43, 44, 180.0,     -2.811591,      0.373584,      2.811591,Optimal,      355.81,   1.00000,   1.10000,   0.00000,1.8668e-10,    0.014988
 43, 44, 210.0,     -2.530259,     -0.887450,      2.634994,Optimal,      326.08,   1.00000,   1.10000,   0.00000,1.8668e-10,    0.014191
 43, 44, 240.0,      0.270439,     -3.426462,      2.832184,Optimal,      345.64,   1.00000,   1.10000,   0.00000,1.8668e-10,    0.020011
 43, 44, 270.0,      1.039800,     -3.684473,      3.684473,Optimal,      345.45,   1.00000,   1.10000,   0.00000,1.8668e-10,    0.024712
 43, 44, 300.0,      2.361241,     -3.288130,      4.028224,Optimal,      313.33,   1.00000,   1.10000,   0.00000,1.8668e-10,    0.031037
 43, 44, 330.0,      3.414806,     -2.235441,      4.075029,Optimal,      322.75,   0.95498,   1.06556,   0.00000,1.8668e-10,    0.032460
 44, 45,   0.0,      3.893057,     -0.053514,      3.893057,Optimal,      358.31,   0.94532,   1.02104,   0.00000,1.8668e-10,    0.029604
 44, 45,  30.0,      3.562551,      1.591913,      3.881216,Optimal,      364.48,   0.94455,   1.00296,   0.00000,1.8668e-10,    0.020879
 44, 45,  60.0,      1.197738,      3.736608,      3.834866,Optimal,      361.03,   0.94460,   1.00371,   0.00000,1.8668e-10,    0.017428
 44, 45,  90.0,      0.282018,      3.944484,      3.944484,Optimal,      347.86,   0.94544,   1.01028,   0.00000,1.8668e-10,    0.020516
 44, 45, 120.0,     -1.247551,      3.499731,      3.654631,Optimal,      340.19,   0.94979,   1.03079,   0.00000,1.8668e-10,    0.023515
 44, 45, 150.0,     -2.264190,      2.518349,      3.220021,Optimal,      320.97,   0.98219,   1.08424,   0.00000,1.8668e-10,    0.019213
 44, 45, 180.0,     -2.676152,      0.205985,      2.676152,Optimal,      413.33,   1.00000,   1.10000,   0.00000,1.8668e-10,    0.015404
 44, 45, 210.0,     -2.408490,     -1.004215,      2.587921,Optimal,      365.31,   1.00000,   1.10000,   0.00000,1.8668e-10,    0.013441
 44, 45, 240.0,      0.290049,     -3.439831,      2.833956,Optimal,      380.41,   1.00000,   1.10000,   0.00000,1.8668e-10,    0.019926
 44, 45, 270.0,      1.027568,     -3.689577,      3.689577,Optimal,      390.78,   1.00000,   1.10000,   0.00000,1.8668e-10,    0.024055
 44, 45, 300.0,      2.374647,     -3.281967,      4.029591,Optimal,      364.16,   1.00000,   1.10000,   0.00000,1.8668e-10,    0.030217
 44, 45, 330.0,      3.512951,     -2.140134,      4.112372,Optimal,      344.91,   0.95285,   1.06124,   0.00000,1.8668e-10,    0.032012
 45, 46,   0.0,      3.950727,     -0.163922,      3.950727,Optimal,      319.66,   0.94524,   1.02054,   0.00000,1.8668e-10,    0.029569
 45, 46,  30.0,      3.603788,      1.547694,      3.894819,Optimal,      320.28,   0.94453,   1.00343,   0.00000,1.8668e-10,    0.020541
 45, 46,  60.0,      1.192966,      3.738154,      3.833820,Optimal,      306.50,   0.94457,   1.00384,   0.00000,1.8668e-10,    0.016655
 45, 46,  90.0,      0.278423,      3.945608,      3.945608,Optimal,      311.41,   0.94540,   1.00958,   0.00000,1.8668e-10,    0.020633
 45, 46, 120.0,     -1.271617,      3.501367,      3.668081,Optimal,      317.64,   0.94994,   1.03080,   0.00000,1.8668e-10,    0.023725
 45, 46, 150.0,     -2.214890,      2.615831,      3.226066,Optimal,      276.41,   0.97291,   1.08456,   0.00000,1.8668e-10,    0.020377
 45, 46, 180.0,     -2.566365,     -0.010364,      2.566365,Optimal,      373.27,   1.00000,   1.10000,   0.00000,1.8668e-10,    0.016980
 45, 46, 210.0,     -2.329768,     -1.087943,      2.561610,Optimal,      326.50,   1.00000,   1.10000,   0.00000,1.8668e-10,    0.013685
 45, 46, 240.0,      0.297199,     -3.456026,      2.844406,Optimal,      330.17,   1.00000,   1.10000,   0.00000,1.8668e-10,    0.020411
 45, 46, 270.0,      0.998653,     -3.698466,      3.698466,Optimal,      325.39,   1.00000,   1.10000,   0.00000,1.8668e-10,    0.023507
 45, 46, 300.0,      2.352636,     -3.284498,      4.020777,Optimal,      317.86,   1.00000,   1.10000,   0.00000,1.8668e-10,    0.030783
 45, 46, 330.0,      3.544163,     -2.080826,      4.109748,Optimal,      303.13,   0.96161,   1.05863,   0.00000,1.8668e-10,    0.029922
 46, 47,   0.0,      3.946341,     -0.144354,      3.946341,Optimal,      355.31,   0.94551,   1.01883,   0.00000,1.8668e-10,    0.028154
 46, 47,  30.0,      3.584228,      1.530390,      3.869227,Optimal,      352.53,   0.94454,   1.00365,   0.00000,1.8668e-10,    0.021692
 46, 47,  60.0,      1.181482,      3.722229,      3.814286,Optimal,      352.23,   0.94464,   1.00386,   0.00000,1.8668e-10,    0.016641
 46, 47,  90.0,      0.242485,      3.937402,      3.937402,Optimal,      350.76,   0.94548,   1.00858,   0.00000,1.8668e-10,    0.020452
 46, 47, 120.0,     -1.322743,      3.501488,      3.693750,Optimal,      332.23,   0.95119,   1.03170,   0.00000,1.8668e-10,    0.024624
 46, 47, 150.0,     -2.212963,      2.681988,      3.257477,Optimal,      315.63,   0.97985,   1.07959,   0.00000,1.8668e-10,    0.021322
 46, 47, 180.0,     -2.492129,     -0.138331,      2.492129,Optimal,      420.75,   1.00000,   1.10000,   0.00000,1.8668e-10,    0.019068
 46, 47, 210.0,     -2.275483,     -1.182074,      2.561663,Optimal,      367.31,   1.00000,   1.10000,   0.00000,1.8668e-10,    0.012794
 46, 47, 240.0,      0.292156,     -3.479839,      2.867551,Optimal,      364.77,   1.00000,   1.10000,   0.00000,1.8668e-10,    0.020065
 46, 47, 270.0,      0.956098,     -3.715012,      3.715012,Optimal,      401.77,   1.00000,   1.10000,   0.00000,1.8668e-10,    0.023374
 46, 47, 300.0,      2.308214,     -3.293318,      4.006204,Optimal,      359.38,   1.00000,   1.10000,   0.00000,1.8668e-10,    0.030639
 46, 47, 330.0,      3.525322,     -2.063598,      4.084817,Optimal,      340.00,   0.96119,   1.05653,   0.00000,1.8668e-10,    0.030410
 47, 48,   0.0,      3.902480,     -0.137165,      3.902480,Optimal,      348.09,   0.94647,   1.01997,   0.00000,1.8668e-10,    0.028748
 47, 48,  30.0,      3.544597,      1.519827,      3.829625,Optimal,      355.53,   0.94454,   1.00528,   0.00000,1.8668e-10,    0.020850
 47, 48,  60.0,      1.157937,      3.709208,      3.791236,Optimal,      351.23,   0.94465,   1.00497,   0.00000,1.8668e-10,    0.016814
 47, 48,  90.0,      0.185037,      3.927682,      3.927682,Optimal,      334.89,   0.94556,   1.01082,   0.00000,1.8668e-10,    0.021626
 47, 48, 120.0,     -1.382440,      3.499696,      3.722046,Optimal,      328.02,   0.95038,   1.03751,   0.00000,1.8668e-10,    0.025290
 47, 48, 150.0,     -2.249852,      2.703981,      3.300420,Optimal,      327.59,   0.98323,   1.08158,   0.00000,1.8668e-10,    0.021642
 47, 48, 180.0,     -2.468562,     -0.224238,      2.468562,Optimal,      427.70,   1.00000,   1.10000,   0.00000,1.8668e-10,    0.016655
 47, 48, 210.0,     -2.274988,     -1.219852,      2.580124,Optimal,      359.31,   1.00000,   1.10000,   0.00000,1.8668e-10,    0.012436
 47, 48, 240.0,      0.292994,     -3.506165,      2.889931,Optimal,      374.28,   1.00000,   1.10000,   0.00000,1.8668e-10,    0.019219
 47, 48, 270.0,      0.918892,     -3.731455,      3.731455,Optimal,      391.25,   1.00000,   1.10000,   0.00000,1.8668e-10,    0.022509
 47, 48, 300.0,      2.248355,     -3.302674,      3.984377,Optimal,      361.00,   1.00000,   1.10000,   0.00000,1.8668e-10,    0.031440
 47, 48, 330.0,      3.481981,     -2.059712,      4.045340,Optimal,      341.64,   0.95481,   1.05658,   0.00000,1.8668e-10,    0.034003
 48,  1,   0.0,      3.887409,     -0.124251,      3.887409,Optimal,      356.19,   0.94546,   1.01920,   0.00000,1.8668e-10,    0.028993
 48,  1,  30.0,      3.534593,      1.501177,      3.811636,Optimal,      369.70,   0.94454,   1.00568,   0.00000,1.8668e-10,    0.021600
 48,  1,  60.0,      1.138146,      3.704829,      3.777549,Optimal,      358.16,   0.94463,   1.00502,   0.00000,1.8668e-10,    0.017129
 48,  1,  90.0,      0.154081,      3.922558,      3.922558,Optimal,      357.69,   0.94556,   1.01251,   0.00000,1.8668e-10,    0.022022
 48,  1, 120.0,     -1.399526,      3.503421,      3.733815,Optimal,      337.59,   0.95045,   1.03380,   0.00000,1.8668e-10,    0.025056
 48,  1, 150.0,     -2.213923,      2.765061,      3.299844,Optimal,      338.78,   0.98097,   1.07660,   0.00000,1.8668e-10,    0.021926
 48,  1, 180.0,     -2.408937,     -0.364239,      2.408937,Optimal,      423.00,   1.00000,   1.09999,   0.00000,1.8668e-10,    0.014697
 48,  1, 210.0,     -2.220720,     -1.291803,      2.569101,Optimal,      388.74,   1.00000,   1.10000,   0.00000,1.8668e-10,    0.010782
 48,  1, 240.0,      0.287599,     -3.513857,      2.899290,Optimal,      383.70,   1.00000,   1.10000,   0.00000,1.8668e-10,    0.018491
 48,  1, 270.0,      0.906305,     -3.739427,      3.739427,Optimal,      412.97,   1.00000,   1.10000,   0.00000,1.8668e-10,    0.021379
 48,  1, 300.0,      2.210279,     -3.310471,      3.972091,Optimal,      356.45,   1.00000,   1.10000,   0.00000,1.8668e-10,    0.031695
 48,  1, 330.0,      3.461038,     -2.053140,      4.023917,Optimal,      353.98,   0.95377,   1.05920,   0.00000,1.8668e-10,    0.035222
