transformer,batteries,split,seq_wall_min,seq_mean_solve_s,async_aug_wall_min,async_aug_mean_solve_s,base_wall_min,base_mean_solve_s,base_speedup,base_inflation,base_concurrency,proj_max_delta_pu,rows_over_gate,gate,soc_identical
TR4,46,6x4,35.7,3.19,40.8,11.58,18.6,7.03,1.92,2.20,3.63,3e-06,0,5e-06,yes
TR3,49,6x4,39.1,3.53,43.7,13.73,20.1,8.24,1.95,2.33,3.95,3e-06,0,5e-06,yes
TR1,77,6x4,96.5,8.68,53.6,21.34,50.1,20.03,1.93,2.31,3.84,8e-06,7,5e-06,yes
TR9,90,6x4,195.8,17.76,74.7,29.06,71.8,28.29,2.73,1.59,3.78,9e-06,6,5e-06,yes
TR2,95,6x4,140.4,12.73,122.2,37.93,71.4,28.14,1.97,2.21,3.79,7e-06,10,5e-06,yes
TR8,124,4x6,298.9,26.65,,,125.1,31.58,2.39,1.18,2.42,2.2e-05,0,5e-05,yes
TR5,214,4x6,516.5,45.98,432.8,111.71,204.4,50.88,2.53,1.11,2.39,3.9e-05,0,5e-05,yes
TR7,259,4x6,411.2,36.06,,159.07,314.0,71.09,1.31,1.97,2.17,7e-05,1,5e-05,yes
TR6,262,4x6,409.1,34.84,632.1,154.46,301.6,69.18,1.36,1.99,2.20,4.8e-05,0,5e-05,yes
TOTAL,,,2143.2,,,,1177.0,,1.82,,,,,,
