pattern,family,case,steps,n_requests_planned,pv_cut_kWh,exports_kWh,exports_agreed_kWh,exports_not_requested_kWh,purchases_kWh,purchases_outside_kWh,soc_end_pct,baseline_not_optimal,corners_not_optimal,coord_step2_not_optimal,n_requests,export_more_kWh,export_less_kWh,q_kvarh,netted_max_kW,shave_kWh,for_area_mean,corners_min,cut_committed_kWh,cut_mix_kWh,cut_bf_kWh,bf_rebuilt,bf_check_max_kW,batt_area_mean,realised_vs_chosen_max_kW,n_executed,exec_failures,qcp_cplex,twins,twins_failed,step2_retries,step2_fallbacks,pv_cut_vs_ref_kWh,extra_purchase_max_house_kWh,houses_buying_more,purchases_outside_vs_ref_kWh,plan_next24h_vs_ref_kWh,soc_end_vs_ref_pct,exports_vs_ref_kWh,surplus_kWh
EDGE_SUN,structured,exp_coord,48,21,461.82503900000006,710.2177810000001,643.6368480000001,66.580933,410.618081,11.708561999999999,49.75075217391306,0,0.0,0.0,21,283.75825000000003,773.0346999999999,1329.5956,0.0,0.08673800000000001,82591.73247619046,12.0,461.8251,461.8251,461.8251,0.0,0.0,55362.97823809524,0.040000000000040004,21.0,0,1,105,0,0,0,461.82503900000006,1.000000000001e-06,0.0,-0.5764309999999995,-7.699999999921658e-05,-0.5616260869565153,-91.6818330000001,
EDGE_SUN,structured,exp_today,48,21,377.70549200000005,796.462292,791.361091,5.101201,417.64217799999994,11.70861,48.253873913043485,0,0.0,,21,528.94855,502.4437500000001,1164.7366000000002,0.0,0.045304,89084.1761904762,12.0,377.70555,377.70555,377.70555,0.0,0.0,62060.79509523809,0.04000000000026205,21.0,0,1,105,0,0,0,377.70549200000005,2.9999999999752447e-06,0.0,-0.5763160000000003,-4.6000000001100716e-05,-2.058691304347832,-5.435190000000034,
EDGE_SUN,structured,noexp_coord,48,21,625.09254,536.473646,536.28702,0.18662600000000001,392.04534099999995,12.110325,39.80211086956522,0,0.0,0.0,21,513.9244000000001,371.86129999999997,1258.17675,0.0,0.02869,57285.05595238096,12.0,0.0,,,,,,0.040000000000040004,21.0,0,1,0,0,0,0,-176.09182900000008,5.4999999999999494e-05,0.0,-0.17455400000000054,0.0004110000000014935,-10.510399999999997,535.767013,964.190589
EDGE_SUN,structured,noexp_today,48,21,200.14464200000003,765.9452590000001,765.9437230000001,0.0015359999999999998,195.389189,12.110354,38.999730434782606,0,0.0,,21,731.4836,169.41835,1133.4369499999998,0.0,0.007921,56101.57309523809,12.0,0.0,,,,,,0.008999999999925734,21.0,0,1,0,0,0,0,-601.4435920000001,5.1999999999996493e-05,0.0,-0.17450799999999944,0.0004969999999993036,-11.31283695652175,765.6363400000001,964.190589
R00_sun,random,exp_coord,48,12,210.305137,712.0286759999999,278.634858,433.393818,140.671808,12.280411999999998,50.312517391304354,0,0.0,0.0,12,75.73865,362.79049999999995,739.1436499999999,1.0369,0.10108299999999999,79358.01708333332,12.0,210.30509999999998,256.73705,210.30509999999998,5.0,2.22e-13,52411.50491666668,0.04099999999995774,12.0,0,1,60,0,1,0,210.305137,0.0,0.0,-0.004580999999999946,-2.6999999999333113e-05,0.0001391304347819755,-89.87093800000025,
R00_sun,random,exp_today,48,12,224.87249899999998,685.2191779999999,392.653587,292.565591,137.04368,12.28041,50.312567391304356,0,0.0,,12,173.11909999999997,296.55859999999996,577.7574500000001,24.0143,0.100175,78402.40874999999,12.0,224.87245000000001,236.01585,224.87245000000001,4.0,2.2204e-13,51313.53966666667,0.04099999999995774,12.0,0,1,60,0,0,0,224.87249899999998,1.000000000139778e-06,0.0,-0.004515999999998854,0.0,2.173913038916453e-06,-116.67830400000014,
R00_sun,random,noexp_coord,48,12,745.9555680000001,191.39178199999998,190.95513799999998,0.4366440000000001,160.667184,12.28036,50.31251956521739,0,0.0,0.0,12,183.5408,145.6283,611.0168500000001,3.0691,0.0071719999999999996,63223.29941666667,12.0,0.0,,,,,,0.014000000000069512,12.0,0,1,0,0,0,0,-55.228800999999976,0.0,0.0,-0.004519000000000162,-9.999999999621423e-06,8.695652176982094e-06,190.68514899999997,964.190589
R00_sun,random,noexp_today,48,12,502.532937,331.50016100000005,331.39270999999997,0.107451,69.26378799999999,12.280342,49.76232826086957,0,0.0,,12,319.73080000000004,54.919200000000004,601.60365,22.5799,0.007182,57338.98841666666,12.0,0.0,,,,,,0.01399999999995849,12.0,0,1,0,0,0,0,-299.05529700000005,2.0000000000575113e-06,0.0,-0.004519999999999413,5.900000000202965e-05,-0.5502391304347825,331.19124200000005,964.190589
R01_day,random,exp_coord,48,6,15.179472,869.5167140000001,160.55191200000002,708.964802,124.50213600000001,4.815675,62.02465652173913,0,0.0,0.0,6,68.7908,171.72084999999998,193.45225000000002,10.4081,0.0,67858.45933333333,12.0,15.17945,42.9792,15.17945,1.0,0.0,50348.030166666664,0.0,6.0,0,1,25,0,0,0,15.179472,0.0,0.0,-5.485777000000001,11.110766999999997,11.71227826086956,67.61709999999994,
R01_day,random,exp_today,48,6,41.97834999999999,828.771934,179.902154,648.86978,110.732269,4.815644,62.03724565217391,0,0.0,,6,64.80765,129.44219999999999,221.93785,8.9827,0.020566,62451.11733333333,12.0,41.978350000000006,42.97925,41.978350000000006,1.0,0.0,44799.87333333333,0.04099999999995774,6.0,0,1,25,0,0,0,41.97834999999999,0.0,0.0,-5.485742000000001,11.111751,11.724680434782591,26.874451999999906,
R01_day,random,noexp_coord,48,6,795.1163049999999,81.42854900000002,80.841443,0.5871060000000001,116.45361699999998,4.825709,61.99651304347825,0,0.0,0.0,6,76.90285,108.32005,202.745,10.4034,0.0,52991.6875,12.0,0.0,,,,,,0.0009999999996956888,6.0,0,1,0,0,0,0,-6.068064000000163,0.0,0.0,-5.4756409999999995,11.084427999999996,11.684002173913036,80.72191600000002,964.190589
R01_day,random,noexp_today,48,6,756.2414960000001,93.78690399999999,93.543029,0.24387500000000004,92.59716700000001,4.826479000000001,62.0387456521739,0,0.0,,6,89.7683,85.19815,199.70100000000002,9.007,0.0,45034.405999999995,12.0,0.0,,,,,,0.0,6.0,0,1,0,0,0,0,-45.34673799999996,0.0,0.0,-5.474856,11.114354000000006,11.726178260869546,93.47798499999999,964.190589
R02_sun,random,exp_coord,48,5,75.402521,770.2118780000001,205.57901800000002,564.63286,62.398737000000004,12.284932,50.31221956521739,0,0.0,0.0,5,69.76515,108.83275,234.37125000000003,17.1119,0.017437,92189.1456,12.0,75.4025,80.1231,75.4025,1.0,0.0,60573.736,0.03399999999986747,5.0,0,1,25,0,0,0,75.402521,6.0000000000060005e-06,0.0,-6.100000000053285e-05,5.499999999969418e-05,-0.00015869565218196158,-31.687736000000086,
R02_sun,random,exp_today,48,5,48.916451,746.810809,305.067949,441.74286,18.778150000000004,12.284926,50.312567391304356,0,0.0,,5,122.43809999999999,53.14345,222.92624999999998,2.7417,0.028904,79538.6416,12.0,48.91645,53.637049999999995,48.91645,1.0,2.2204e-13,47527.91679999999,0.03900000000012227,5.0,0,1,25,0,0,0,48.916451,9.999999999177334e-07,0.0,0.0,0.0,2.173913038916453e-06,-55.08667300000013,
R02_sun,random,noexp_coord,48,5,682.89014,117.112042,116.52512000000002,0.5869220000000002,15.064881,12.284883,49.33005000000001,0,0.0,0.0,5,109.72885,0.3371,268.9309,14.962,0.0,66444.65,12.0,0.0,,,,,,0.0,5.0,0,1,0,0,0,0,-118.29422900000009,4.000000000004e-06,0.0,4.000000000559112e-06,3.400000000119974e-05,-0.9824608695652088,116.405409,964.190589
R02_sun,random,noexp_today,48,5,543.6553230000001,237.925061,237.761295,0.163766,12.285165999999998,12.285165999999998,49.88112391304348,0,0.0,,5,230.1352,0.0,228.32815,10.384,0.0,55446.60799999999,12.0,0.0,,,,,,0.0,5.0,0,1,0,0,0,0,-257.932911,0.00016299999999996873,0.0,0.00030399999999985994,0.0002280000000016713,-0.43144347826087426,237.616142,964.190589
R03_day,random,exp_coord,48,7,7.709410000000001,875.291141,144.209343,731.081798,91.84331700000001,9.673648,47.24189782608696,0,0.0,0.0,7,52.53695,117.50035,239.2455,3.4834,0.0,75683.999,12.0,7.7094,34.05545,7.7094,2.0,4.441e-13,62062.69485714285,0.0,7.0,0,1,15,0,0,0,7.709410000000001,0.0,0.0,-1.3096800000000002,-0.3220749999999999,-3.07048043478261,73.39152699999988,
R03_day,random,exp_today,48,7,31.483697000000003,820.101645,165.431021,654.670624,60.594567000000005,9.673766,47.24196086956521,0,0.0,,7,50.818149999999996,78.46104999999999,279.37794999999994,3.4834,0.039775,68354.07242857142,12.0,31.4837,34.05545,31.4837,2.0,5.551e-14,54515.77757142857,0.03999999999981796,7.0,0,1,15,0,0,0,31.483697000000003,0.0,0.0,-1.309493999999999,-0.3220580000000002,-3.070604347826105,18.20416299999988,
R03_day,random,noexp_coord,48,7,758.955636,115.54437300000001,114.92428699999999,0.6200860000000002,87.693233,9.646278,47.173865217391295,0,0.0,0.0,7,112.43420000000002,74.76485,219.01165,14.3798,0.0,66676.85871428573,12.0,0.0,,,,,,0.0,7.0,0,1,0,0,0,0,-42.228733000000034,0.0,0.0,-1.3369530000000012,-0.321985999999999,-3.1386456521739206,114.83774000000001,964.190589
R03_day,random,noexp_today,48,7,712.854685,123.82233699999999,123.581389,0.240948,53.11174899999999,9.644986000000001,47.24195434782609,0,0.0,,7,120.61074999999998,41.0628,232.61745000000002,3.4834,0.0,55109.227857142854,12.0,0.0,,,,,,0.0,7.0,0,1,0,0,0,0,-88.73354900000004,0.0,0.0,-1.3382320000000014,-0.3219390000000004,-3.070613043478268,123.51341799999999,964.190589
R04_sun,random,exp_coord,48,21,294.76717099999996,695.2292359999999,622.8058369999999,72.423399,221.82955799999996,11.709147999999999,50.22027826086956,0,0.0,0.0,21,208.51435,578.8778000000001,994.9046,5.3976,0.164507,79816.32761904763,12.0,294.76719999999995,389.50755000000004,294.76719999999995,12.0,2e-05,52531.9478095238,0.04099999999995774,21.0,0,1,105,0,0,0,294.76717099999996,2.9999999999752447e-06,0.0,-0.5758449999999993,-7.200000000118223e-05,-0.09210000000000917,-106.67037800000026,
R04_sun,random,exp_today,48,21,294.637759,689.977566,669.828302,20.149264,218.64075000000003,11.70912,50.23505869565218,0,0.0,,21,324.93025,461.14170000000007,967.7667499999999,31.4002,0.16500800000000002,80902.49885714285,12.0,294.63775000000004,359.47475000000003,294.63775000000004,10.0,2e-05,53616.63114285714,0.04099999999995774,21.0,0,1,105,0,0,0,294.637759,4.000000000004e-06,0.0,-0.575806,-6.300000000258876e-05,-0.07750652173913863,-111.91991600000006,
R04_sun,random,noexp_coord,48,21,732.2470799999999,367.36426600000004,367.14731000000006,0.21695599999999998,340.21233199999995,11.983016999999998,49.263826086956534,0,0.0,0.0,21,356.331,327.56865,857.5265,14.4193,0.026195,61441.64847619049,12.0,0.0,,,,,,0.040000000000040004,21.0,0,1,0,0,0,0,-68.93728900000019,2.000000000002e-06,0.0,-0.30186200000000163,6.499999999753925e-05,-1.0486847826086816,366.65763300000003,964.190589
R04_sun,random,noexp_today,48,21,414.26716099999993,506.8558059999999,506.830927,0.024879,162.01212800000002,11.982987,49.25732826086958,0,0.0,,21,490.50345,147.1977,892.6163,30.4011,0.022106999999999998,63829.94309523809,12.0,0.0,,,,,,0.040000000000040004,21.0,0,1,0,0,0,0,-387.3210730000001,0.0,0.0,-0.301874999999999,7.699999999921658e-05,-1.055239130434778,506.5468869999999,964.190589
R05_day,random,exp_coord,48,4,0.0,835.339287,169.87070999999997,665.468577,48.28833,11.549741000000001,46.7144,0,0.0,0.0,4,97.31110000000001,70.9101,213.05599999999998,4.8263,0.0,77122.18775,12.0,0.0,19.23255,0.0,1.0,0.0,58302.2475,0.0009999999999177334,4.0,0,1,15,0,0,0,0.0,3.0000000000196536e-05,0.0,-0.5950510000000016,-4.999999999810711e-06,-3.5979782608695743,33.43967299999986,
R05_day,random,exp_today,48,4,12.113502,816.5406110000001,195.044741,621.4958700000001,42.453756,11.549733,46.758119565217406,0,0.0,,4,96.40594999999999,42.68285,181.87615,0.4948,0.016968,65498.871,12.0,12.1135,19.23255,12.1135,1.0,2.7756e-14,46369.787000000004,0.03300000000017178,4.0,0,1,15,0,0,0,12.113502,3.700000000006476e-05,0.0,-0.5949930000000005,-2.700000000110947e-05,-3.5544456521739107,14.643129000000044,
R05_day,random,noexp_coord,48,4,748.21963,103.91713299999999,103.32256100000001,0.5945720000000002,64.85818800000001,11.549873999999999,46.5451,0,0.0,0.0,4,100.13419999999999,52.2404,203.5471,5.5594,0.0,59048.54125,12.0,0.0,,,,,,0.0,4.0,0,1,0,0,0,0,-52.96473900000001,3.49999999997852e-05,0.0,-0.5948050000000009,7.800000000024454e-05,-3.767410869565218,103.2105,964.190589
R05_day,random,noexp_today,48,4,714.533455,100.54420200000001,100.32836,0.21584199999999998,28.691720000000004,11.549874,46.7582391304348,0,0.0,,4,97.0941,16.29365,230.6424,1.1661,0.002655,47666.261,12.0,0.0,,,,,,0.005999999999950489,4.0,0,1,0,0,0,0,-87.05477900000005,3.700000000006476e-05,0.0,-0.5947890000000022,5.900000000202965e-05,-3.5543282608695534,100.23528300000001,964.190589
R06_sun,random,exp_coord,48,14,96.438545,888.435922,612.460893,275.975029,202.11184200000002,12.280458,37.73179782608697,0,0.0,0.0,14,328.07395,353.32435,640.0563500000001,9.2472,0.023676999999999997,88103.49571428572,12.0,96.43855,168.4573,96.43855,7.0,2.2204e-13,61470.5577142857,0.03900000000012227,14.0,0,1,70,0,0,0,96.438545,2.9999999999752447e-05,0.0,-0.004535000000000622,-2.6999999999333113e-05,-12.580580434782604,86.53630799999985,
R06_sun,random,exp_today,48,14,103.50484,809.694373,673.368799,136.325574,139.53148599999997,12.280384999999999,40.942178260869575,0,0.0,,14,417.61479999999995,223.7333,677.0024,19.082,0.062124000000000006,86302.01192857143,12.0,103.50485,140.32385,103.50485,6.0,2.22e-13,59579.36757142857,0.040000000000040004,14.0,0,1,70,0,0,0,103.50484,2.000000000002e-06,0.0,-0.004540999999997908,-7.400000000146179e-05,-9.370386956521742,7.79689099999996,
R06_sun,random,noexp_coord,48,14,663.313599,358.381369,358.03071600000004,0.3506530000000001,229.452852,12.280443,33.68194347826087,0,0.0,0.0,14,344.85979999999995,214.31175,589.2359,9.2935,0.0,63409.211357142856,12.0,0.0,,,,,,0.0,14.0,0,1,0,0,0,0,-137.8707700000001,3.700000000000925e-05,0.0,-0.004436000000001883,7.90000000012725e-05,-16.630567391304346,357.674736,964.190589
R06_sun,random,noexp_today,48,14,447.823489,430.950639,430.907752,0.042887,101.51942500000001,12.280462000000002,39.8055152173913,0,0.0,,14,415.03790000000004,88.159,653.4131,23.9414,0.009509,60934.05257142857,12.0,0.0,,,,,,0.017999999999851468,14.0,0,1,0,0,0,0,-353.76474500000006,4.299999999995974e-05,0.0,-0.004400000000000404,6.099999999875649e-05,-10.507052173913053,430.64172,964.190589
R07_day,random,exp_coord,48,11,0.0,886.433221,257.612317,628.820904,101.480751,3.931207,62.90120217391304,0,0.0,0.0,11,112.79355,103.80330000000001,584.1997499999999,5.6636,0.0,68343.82045454545,12.0,0.0,3.36825,0.0,1.0,0.0,58385.480272727276,0.0010000000000287557,11.0,0,1,35,0,0,0,0.0,0.0,0.0,-5.027602999999999,13.720197,12.58882391304347,84.53360699999985,
R07_day,random,exp_today,48,11,0.0,889.9289500000001,263.991762,625.937188,105.949348,3.931113,63.07162826086957,0,0.0,,11,134.7337,98.04175,585.38445,18.8205,0.000394,66798.29490909091,12.0,0.0,3.36825,0.0,1.0,0.0,56737.389818181815,0.001000000000139778,11.0,0,1,35,0,0,0,0.0,0.0,0.0,-5.027629,13.881425000000002,12.759063043478257,88.03146800000002,
R07_day,random,noexp_coord,48,11,733.421195,157.167335,156.621744,0.5455910000000002,108.343659,3.931088,62.48013260869565,0,0.0,0.0,11,154.62675000000002,100.6714,562.9345,15.1172,0.0,58964.51045454545,12.0,0.0,,,,,,0.0,11.0,0,1,0,0,0,0,-67.76317400000005,0.0,0.0,-5.027606,13.691686999999998,12.167621739130432,156.460702,964.190589
R07_day,random,noexp_today,48,11,680.0553830000001,199.727805,199.526218,0.20158700000000002,102.45595399999999,3.931155,62.9410195652174,0,0.0,,11,196.4901,94.92095,527.7194999999999,18.8206,8.6e-05,56829.96736363636,12.0,0.0,,,,,,0.0,11.0,0,1,0,0,0,0,-121.53285099999994,0.0,0.0,-5.027526999999999,13.716298999999996,12.628452173913047,199.418886,964.190589
R08_sun,random,exp_coord,48,14,50.676341,813.8943079999999,499.650381,314.243927,86.80009799999999,11.708618000000001,50.312510869565216,0,0.0,0.0,14,152.3231,199.70235,513.21375,14.5151,0.062891,86486.07414285713,12.0,50.67635,115.09564999999998,50.67635,8.0,2.2204e-13,59841.778357142866,0.04100000000006876,14.0,0,1,70,0,0,0,50.676341,0.0,0.0,-0.5763750000000005,-2.6000000000081513e-05,0.00013260869564390987,11.994693999999754,
R08_sun,random,exp_today,48,14,78.168594,782.931399,611.645096,171.28630299999998,90.687038,11.708615,50.312567391304356,0,0.0,,14,220.669,163.9623,502.1222500000001,10.2343,0.122035,76627.36492857142,12.0,78.16855,119.35714999999999,78.16855,7.0,1.1102e-13,49724.45321428572,0.04099999999995774,14.0,0,1,70,0,0,0,78.168594,0.0,0.0,-0.5763110000000005,0.0,2.173913038916453e-06,-18.966083000000026,
R08_sun,random,noexp_coord,48,14,676.983699,233.723289,233.337886,0.38540300000000005,133.892133,11.835695,50.16780652173913,0,0.0,0.0,14,225.33215,120.45935,476.81209999999993,15.4137,0.002396,65493.71978571428,12.0,0.0,,,,,,0.004000000000004,14.0,0,1,0,0,0,0,-124.20067000000006,4.000000000115023e-06,0.0,-0.4491839999999989,-1.0000000010279564e-06,-0.1447043478260852,233.01665599999998,964.190589
R08_sun,random,noexp_today,48,14,457.78807200000006,378.86339399999997,378.798191,0.06520300000000001,73.34659500000001,11.835677,49.9512847826087,0,0.0,,14,367.20165000000003,60.38289999999999,419.7476,24.2347,0.004316,59513.75578571429,12.0,0.0,,,,,,0.005000000000032756,14.0,0,1,0,0,0,0,-343.800162,2.0000000000575113e-06,0.0,-0.44918499999999995,4.999999999988347e-05,-0.3612826086956531,378.55447499999997,964.190589
R09_day,random,exp_coord,48,11,24.493285,934.4745619999999,225.288359,709.186203,235.663253,1.2105899999999998,62.99540217391303,0,0.0,0.0,11,88.7053,277.6349,575.79515,4.4819,0.043481000000000006,66010.71427272727,12.0,24.493250000000003,42.621700000000004,24.493250000000003,4.0,2.2204e-13,54164.35827272727,0.040000000000040004,11.0,0,1,35,0,1,0,24.493285,0.0005,0.0,-6.028226,15.109655000000002,12.683023913043456,132.57494799999972,
R09_day,random,exp_today,48,11,40.378263,906.63559,272.462675,634.172915,227.48488599999996,1.20172,63.33222608695653,0,0.0,,11,113.66460000000001,263.71105,569.0534,4.4817,0.041638999999999995,60662.46463636364,12.0,40.37825,42.621700000000004,40.37825,4.0,2.7756e-14,48658.17554545454,0.03999999999981796,11.0,0,1,35,0,0,0,40.378263,0.0,0.0,-6.037031000000001,15.110963,13.019660869565215,104.7381079999999,
R09_day,random,noexp_coord,48,11,815.651582,146.082939,145.54465100000002,0.5382880000000002,243.644048,1.772663,63.27036739130435,0,0.0,0.0,11,141.26454999999999,238.1125,531.8200999999999,6.3598,5e-06,57176.195818181826,12.0,0.0,,,,,,0.0,11.0,0,1,0,0,2,0,14.467212999999902,0.0005,0.0,-5.466047,15.084747000000007,12.957856521739131,145.376306,964.190589
R09_day,random,noexp_today,48,11,794.465573,147.46101299999998,147.22229800000002,0.23871499999999998,225.524541,1.7638749999999999,63.27192826086956,0,0.0,,11,143.2225,220.04534999999998,540.6121,4.4922,0.004294999999999999,48920.4049090909,12.0,0.0,,,,,,0.007999999999785956,11.0,0,1,0,0,0,0,-7.122661000000107,0.0,0.0,-5.474827,15.083609999999997,12.959360869565202,147.15209399999998,964.190589
R10_sun,random,exp_coord,48,6,103.551157,843.763804,193.906901,649.856903,157.83297599999997,12.293874999999998,47.05370652173914,0,0.0,0.0,6,63.1226,254.0908,383.26224999999994,4.1869,0.040683,80547.53966666666,12.0,103.55115,111.85725,103.55115,4.0,2.7756e-14,53779.037833333336,0.03999999999981796,6.0,0,1,30,0,2,0,103.551157,0.003043000000000018,0.0,0.008881999999999834,0.003021999999999636,-3.2586717391304347,41.864189999999894,
R10_sun,random,exp_today,48,6,99.385456,752.3604809999999,196.761929,555.5985519999999,62.495837,12.285076000000002,47.07255869565218,0,0.0,,6,62.94155,121.19935,431.79339999999996,0.6869,0.041444,78520.81450000001,12.0,99.38544999999999,108.96005,99.38544999999999,4.0,2.2204e-13,51569.87316666666,0.04000000000026205,6.0,0,1,30,0,0,0,99.385456,4.100000000001325e-05,0.0,0.00015000000000142677,0.00032099999999957163,-3.24000652173914,-49.537001000000146,
R10_sun,random,noexp_coord,48,6,875.3150639999999,72.80852300000001,72.28606099999999,0.5224620000000002,159.363948,12.293932999999999,47.06926304347827,0,0.0,0.0,6,69.35665,147.57355,366.31780000000003,5.3775,0.0,55414.40949999999,12.0,0.0,,,,,,0.0,6.0,0,1,0,0,1,0,74.13069499999983,0.003060000000000007,0.0,0.009053999999999007,0.0033159999999998746,-3.243247826086943,72.10189000000001,964.190589
R10_sun,random,noexp_today,48,6,733.781774,80.147501,79.95756300000002,0.18993800000000002,25.603222,12.285098,47.07250000000002,0,0.0,,6,74.00545,11.0369,379.18989999999997,2.2655,0.0,52967.371666666666,12.0,0.0,,,,,,0.0009999999999177334,6.0,0,1,0,0,0,0,-67.80646000000002,5.599999999994498e-05,0.0,0.00023599999999923682,0.00037600000000104217,-3.2400673913043363,79.838582,964.190589
R11_day,random,exp_coord,48,4,5.363493,873.152689,146.237056,726.9156330000001,65.28515,10.621569,33.79374347826087,0,0.0,0.0,4,96.05075,112.02775,305.85595,0.6994,0.0,79799.78700000001,12.0,5.3635,47.11135,5.3635,2.0,2.22e-13,60886.22375,0.0010000000000287557,4.0,0,1,15,0,2,0,5.363493,3.9999999996709334e-06,0.0,-0.5069210000000002,0.0001879999999996329,-16.5186347826087,71.25307499999985,
R11_day,random,exp_today,48,4,10.73917,831.373683,189.168628,642.2050550000001,28.928541,10.621689,33.79385217391304,0,0.0,,4,106.43919999999999,28.60825,325.13280000000003,0.0,0.017427,75461.25200000001,12.0,10.73915,25.261049999999997,10.73915,2.0,1.1102e-13,56323.07325,0.03399999999986747,4.0,0,1,15,0,0,0,10.73917,1.000000000139778e-06,0.0,-0.5067330000000005,0.000185999999997577,-16.51871304347828,29.476200999999946,
R11_day,random,noexp_coord,48,4,784.9999230000001,105.67525599999999,105.02844700000001,0.6468090000000002,77.69983899999998,10.588807,33.79209782608695,0,0.0,0.0,4,102.68799999999999,65.68075,291.58625,1.1595,0.0,62744.085999999996,12.0,0.0,,,,,,0.0,4.0,0,1,0,0,0,0,-16.18444599999998,0.0,0.0,-0.5395810000000001,0.00019800000000103068,-16.520413043478264,104.968623,964.190589
R11_day,random,noexp_today,48,4,677.999561,144.82044299999998,144.582732,0.237711,12.449921,10.588798,33.793852173913045,0,0.0,,4,140.08265,0.0,310.26895,3.0673,0.0,58337.89625,12.0,0.0,,,,,,0.0010000000000287557,4.0,0,1,0,0,0,0,-123.58867300000009,0.0,0.0,-0.5395749999999992,0.0002089999999999037,-16.51871521739131,144.51152399999998,964.190589
REF,reference,exp_coord,48,0,0.0,801.8996140000002,0.0,801.8996140000002,12.284993,12.284993,50.31237826086957,0,,0.0,0,0.0,0.0,,,,,,,,,,,,,,0,1,0,0,0,0,,,,,,,,
REF,reference,exp_today,48,0,0.0,801.8974820000001,0.0,801.8974820000001,12.284926000000002,12.284926000000002,50.31256521739132,0,,,0,0.0,0.0,,,,,,,,,,,,,,0,1,0,0,0,0,,,,,,,,
REF,reference,noexp_coord,48,0,801.1843690000001,0.7066330000000001,0.0,0.7066330000000001,12.284879,12.284879,50.312510869565216,0,,0.0,0,0.0,0.0,,,,,,,,,,,,,,0,1,0,0,0,0,,,,,,,,964.190589
REF,reference,noexp_today,48,0,801.588234,0.308919,0.0,0.308919,12.284862,12.284862,50.312567391304356,0,,,0,0.0,0.0,,,,,,,,,,,,,,0,1,0,0,0,0,,,,,,,,964.190589
SMOKE,check,exp_coord,30,6,138.912664,638.669154,183.984127,454.685027,169.989358,0.760215,99.63254130434787,0,0.0,0.0,6,99.75415000000001,268.8399,244.08974999999998,0.0069,0.000374,85418.3115,12.0,138.91264999999999,147.86239999999998,138.91264999999999,1.0,0.0,58421.00983333334,0.0009999999999177334,6.0,0,1,30,0,2,0,,,,,,,,
SMOKE,check,noexp_coord,30,6,625.595798,97.748347,97.36114199999999,0.387205,108.953654,0.760358,93.28162826086957,0,0.0,0.0,6,95.78729999999999,105.94489999999999,270.12840000000006,0.0069,0.000362,57815.001,12.0,0.0,,,,,,0.0,6.0,0,1,0,0,2,0,,,,,,,,778.5556849999999
WC_EXPORT,worst,exp_coord,48,28,0.0,848.2950149999999,831.147676,17.147339000000002,12.304753999999999,12.30168,26.2596347826087,0,0.0,0.0,28,384.87924999999996,0.0,1730.0681000000002,0.0,0.00020999999999999998,57684.42978571429,12.0,0.0,0.0,0.0,0.0,0.0,36029.94421428572,0.001000000000139778,28.0,0,1,140,0,4,0,0.0,0.0011250000000000426,0.0,0.016687000000001007,0.1205000000000016,-24.052743478260872,46.395400999999765,
WC_EXPORT,worst,exp_today,48,28,0.0,846.586877,846.5868770000001,0.0,12.290718,12.290718000000002,26.256686956521737,0,0.0,,28,848.6706499999999,0.0,1832.8232,0.0,0.00021999999999999998,58013.63585714286,12.0,0.0,0.0,0.0,0.0,0.0,36359.124285714286,0.001000000000139778,28.0,0,1,140,0,0,0,0.0,0.0011740000000000084,0.0,0.005792000000001352,0.03837200000000074,-24.05587826086958,44.68939499999988,
WC_EXPORT,worst,noexp_coord,48,28,542.317061,306.015976,305.89774600000004,0.11823000000000002,12.306877,12.291442,26.243515217391298,0,0.0,0.0,28,317.46195,0.0,1744.4124000000002,0.0,0.00020899999999999998,36029.33192857143,12.0,0.0,,,,,,0.001000000000139778,28.0,0,1,0,0,4,0,-258.8673080000001,0.0037800000000000056,0.0,0.0065629999999998745,0.06311099999999925,-24.068995652173918,305.309343,964.190589
WC_EXPORT,worst,noexp_today,48,28,77.04133300000001,769.5497469999999,769.549747,0.0,12.291450999999999,12.291450999999999,26.25497608695652,0,0.0,,28,773.1937,0.0,1811.4040999999997,0.0,0.00021799999999999999,36359.601,12.0,0.0,,,,,,0.001000000000139778,28.0,0,1,0,0,0,0,-724.546901,0.0012669999999999626,0.0,0.00658899999999818,0.04157900000000225,-24.057591304347834,769.240828,964.190589
WC_IMPORT,worst,exp_coord,48,33,911.9078450000001,51.405336000000005,0.0,51.405336,170.324617,11.520696999999998,50.312517391304354,0,0.0,0.0,33,0.0,1086.9305000000002,3238.1005,0.0,0.658299,59515.29830303031,12.0,911.9078,911.9078,911.9078,0.0,0.0,41267.02006060606,0.042000000000042004,33.0,0,1,125,0,7,0,911.9078450000001,0.0,0.0,-0.004580999999999946,-2.6999999999333113e-05,0.0001391304347819755,-750.4942780000001,
WC_IMPORT,worst,exp_today,48,33,911.907853,51.40523,0.0,51.40523,170.32459,11.520696000000001,50.312567391304356,0,0.0,,33,0.0,1086.7648,3252.4365,0.0,0.6583000000000001,59515.30054545455,12.0,911.90785,911.90785,911.90785,0.0,0.0,41267.02248484849,0.042000000000042004,33.0,0,1,125,0,0,0,911.907853,1.000000000139778e-06,0.0,-0.004516000000000631,0.0,2.173913038916453e-06,-750.4922520000001,
WC_IMPORT,worst,noexp_coord,48,33,962.735551,0.580441,0.483085,0.097356,170.32845799999998,11.520655000000001,50.31251956521739,0,0.0,0.0,33,0.0,193.119,3158.72175,0.0,0.658295,41481.88545454546,12.0,0.0,,,,,,0.04199999999998649,33.0,0,1,0,0,5,0,161.55118199999993,9.999999999177334e-07,0.0,-0.00451800000000091,-9.999999999621423e-06,8.695652176982094e-06,-0.12619200000000008,964.190589
WC_IMPORT,worst,noexp_today,48,33,962.8682719999999,0.44469000000000003,0.38348899999999997,0.061201,170.32453199999995,11.520640999999998,50.312567391304356,0,0.0,,33,0.0,192.83559999999997,3140.98505,0.0,0.658302,41481.885484848484,12.0,0.0,,,,,,0.042000000000042004,33.0,0,1,0,0,0,0,161.28003799999988,0.0,0.0,-0.004517999999999134,0.0,0.0,0.13577100000000003,964.190589
