pattern,case,now,target,clock,edge,dP_kW,dQ_kvar,chg_kW,dis_kW,cut_kW,batt0_kW,for_area,netted_kW,soc_mean_pct,cut_mix_kW,cut_bf_kW,bf_used,batt_area
EDGE_SUN,exp_coord,14,15,07:00,1,-32.0831,-218.0958,0.0,34.5897,0.0,-0.3272,71214.799,0.0,23.3097,0.0,0.0,0.0,55804.527
EDGE_SUN,exp_coord,15,16,07:30,1,69.6063,102.9684,33.4413,0.0,38.928,0.7021,64370.502,0.0,13.8739,38.928,38.928,0.0,45163.917
EDGE_SUN,exp_coord,16,17,08:00,1,197.3315,-159.4117,132.3618,0.0,69.4075,2.7185,76940.373,0.0,22.0845,69.4075,69.4075,0.0,54609.554
EDGE_SUN,exp_coord,17,18,08:30,1,206.5203,-156.2487,133.5835,0.0,75.9892,0.8991,104650.586,0.0,54.5823,75.9892,75.9892,0.0,80201.68
EDGE_SUN,exp_coord,18,19,09:00,1,134.3486,-125.7158,51.3997,0.0,83.5582,-0.5304,84092.703,0.0,87.3801,83.5582,83.5582,0.0,57089.227
EDGE_SUN,exp_coord,19,20,09:30,1,-130.0593,33.989,0.0,133.0477,0.0,-0.5331,71245.969,0.0,99.9999,0.0,0.0,0.0,40559.381
EDGE_SUN,exp_coord,20,21,10:00,1,-12.1579,104.4295,0.0,2.4418,0.0,8.3948,110041.44,0.0,63.7053,0.0,0.0,0.0,78887.569
EDGE_SUN,exp_coord,21,22,10:30,1,219.3349,-13.5847,136.1341,0.0,106.1513,17.5002,112618.105,0.0,63.0392,106.1513,106.1513,0.0,78415.638
EDGE_SUN,exp_coord,22,23,11:00,1,56.1984,-237.2662,6.7727,0.0,49.2689,2.5677,79259.281,0.0,96.4633,49.2689,49.2689,0.0,44616.131
EDGE_SUN,exp_coord,23,24,11:30,1,107.0902,88.7098,7.6318,0.0,104.9861,1.2476,77540.943,0.0,98.1261,104.9861,104.9861,0.0,42886.607
EDGE_SUN,exp_coord,24,25,12:00,1,-126.609,-146.0518,0.0,132.713,0.0,0.0,76422.667,0.0,99.9999,0.0,0.0,0.0,39266.97
EDGE_SUN,exp_coord,25,26,12:30,1,33.8587,-230.8166,21.5194,0.0,44.3821,35.429,112481.138,0.0,63.7966,44.3821,44.3821,0.0,77242.337
EDGE_SUN,exp_coord,26,27,13:00,1,37.8223,-229.1497,23.0623,0.0,45.3248,33.6503,108089.113,0.0,69.0801,45.3248,45.3248,0.0,74513.48
EDGE_SUN,exp_coord,27,28,13:30,1,166.6892,32.3964,102.8721,0.0,97.8329,29.3741,101887.596,0.0,74.7425,97.8329,97.8329,0.0,70370.132
EDGE_SUN,exp_coord,28,29,14:00,1,-8.9344,102.7784,0.0,7.5194,0.0,0.0,71187.767,0.0,99.9999,0.0,0.0,0.0,39579.052
EDGE_SUN,exp_coord,29,30,14:30,1,92.3244,-158.7262,8.3546,0.0,89.574,5.9266,71928.199,0.0,97.9487,89.574,89.574,0.0,42366.179
EDGE_SUN,exp_coord,30,31,15:00,1,-141.2228,-9.9966,0.0,144.7802,0.0,-0.4394,66119.718,0.0,99.9999,0.0,0.0,0.0,39332.122
EDGE_SUN,exp_coord,31,32,15:30,1,156.9632,2.2255,139.4273,0.0,73.6663,53.1391,86936.139,0.0,60.5048,73.6663,73.6663,0.0,63283.075
EDGE_SUN,exp_coord,32,33,16:00,1,-93.5503,-190.9112,0.0,82.1325,0.0,14.5778,61992.216,0.0,94.7374,0.0,0.0,0.0,41787.152
EDGE_SUN,exp_coord,33,34,16:30,1,-22.8997,-214.1445,10.6736,0.0,5.4754,40.6817,68047.758,0.0,72.3322,5.4754,5.4754,0.0,51849.237
EDGE_SUN,exp_coord,34,35,17:00,1,67.9814,101.5747,64.1999,0.0,39.1055,34.3028,57359.37,0.0,74.9528,39.1055,39.1055,0.0,44798.576
EDGE_SUN,exp_today,14,15,07:00,1,-171.2165,-6.7045,0.0,128.3669,0.0,45.2845,90954.13,0.0,49.0057,0.0,0.0,0.0,75543.875
EDGE_SUN,exp_today,15,16,07:30,1,-71.5243,3.6049,0.0,14.3191,0.0,58.3092,64498.727,0.0,13.988,0.0,0.0,0.0,45292.215
EDGE_SUN,exp_today,16,17,08:00,1,131.9405,-145.7181,132.3597,0.0,69.4075,69.1076,62617.034,0.0,10.0819,69.4075,69.4075,0.0,40293.968
EDGE_SUN,exp_today,17,18,08:30,1,133.5998,-140.696,133.7238,0.0,75.9892,75.201,99623.205,0.0,42.5792,75.9892,75.9892,0.0,75174.272
EDGE_SUN,exp_today,18,19,09:00,1,148.5857,-112.7855,100.1473,0.0,83.5582,33.505,98021.683,0.0,75.4114,83.5582,83.5582,0.0,71126.803
EDGE_SUN,exp_today,19,20,09:30,1,-130.0488,33.2025,0.0,133.0473,0.0,-0.5331,71245.919,0.0,99.9999,0.0,0.0,0.0,40559.331
EDGE_SUN,exp_today,20,21,10:00,1,-107.6537,103.5471,0.0,56.4151,0.0,52.2122,110041.395,0.0,63.7055,0.0,0.0,0.0,78887.523
EDGE_SUN,exp_today,21,22,10:30,1,157.582,21.4352,140.3376,0.0,106.1514,84.4349,112155.465,0.0,48.3158,106.1514,106.1514,0.0,77952.866
EDGE_SUN,exp_today,22,23,11:00,1,51.4905,-229.5986,24.8631,0.0,49.2689,25.3482,96042.892,0.0,82.7719,49.2689,49.2689,0.0,62179.825
EDGE_SUN,exp_today,23,24,11:30,1,130.8975,83.8742,45.3057,0.0,104.9861,14.5772,89054.996,0.0,88.8763,104.9861,104.9861,0.0,55044.771
EDGE_SUN,exp_today,24,25,12:00,1,-126.6016,-146.5056,0.0,132.7131,0.0,0.0,76422.654,0.0,99.9999,0.0,0.0,0.0,39266.959
EDGE_SUN,exp_today,25,26,12:30,1,-82.6238,-222.2761,0.0,28.2994,0.0,60.6928,112480.726,0.0,63.7966,0.0,0.0,0.0,77241.926
EDGE_SUN,exp_today,26,27,13:00,1,-2.4097,-218.7339,23.4545,0.0,45.3248,75.1231,111385.523,0.0,56.0767,45.3248,45.3248,0.0,77817.02
EDGE_SUN,exp_today,27,28,13:30,1,-44.1562,113.3084,6.9532,0.0,12.8367,63.1678,109202.305,0.0,61.8354,12.8367,12.8367,0.0,77688.098
EDGE_SUN,exp_today,28,29,14:00,1,-121.091,100.9118,1.6106,60.2244,0.0,63.7584,106492.922,0.0,63.5425,0.0,0.0,0.0,75680.534
EDGE_SUN,exp_today,29,30,14:30,1,111.6759,70.2525,110.5745,0.0,89.574,84.9053,96769.304,0.0,47.5091,89.574,89.574,0.0,67944.238
EDGE_SUN,exp_today,30,31,15:00,1,-167.9304,22.3425,0.0,126.9424,0.0,44.2202,93103.055,0.0,74.6577,0.0,0.0,0.0,66957.439
EDGE_SUN,exp_today,31,32,15:30,1,136.7883,7.9494,139.4654,0.0,73.6663,73.6663,67857.039,0.0,40.0286,73.6663,73.6663,0.0,44558.406
EDGE_SUN,exp_today,32,33,16:00,1,2.3273,-213.9455,21.5501,0.0,27.7295,48.8193,78856.588,0.0,74.2706,27.7295,27.7295,0.0,59014.828
EDGE_SUN,exp_today,33,34,16:30,1,-26.386,-214.2438,5.5765,0.0,5.4754,39.1071,67181.972,0.0,79.5616,5.4754,5.4754,0.0,50908.75
EDGE_SUN,exp_today,34,35,17:00,1,-6.2551,117.8371,15.4541,0.0,11.4431,32.7842,56760.166,0.0,80.9308,11.4431,11.4431,0.0,44143.05
EDGE_SUN,noexp_coord,14,15,07:00,1,-32.0246,-214.9586,0.0,34.5198,0.0,-0.3472,55751.596,0.0,23.2634,,,,
EDGE_SUN,noexp_coord,15,16,07:30,1,-6.3734,113.6814,0.0,4.805,0.0,0.5985,45131.435,0.0,13.8466,,,,
EDGE_SUN,noexp_coord,16,17,08:00,1,128.1115,-153.518,132.359,0.0,0.0,3.6835,43265.35,0.0,12.5359,,,,
EDGE_SUN,noexp_coord,17,18,08:30,1,131.6266,-149.4526,133.7237,0.0,0.0,1.3343,76710.981,0.0,45.033,,,,
EDGE_SUN,noexp_coord,18,19,09:00,1,90.1088,-112.4588,90.1532,0.0,0.0,-0.3286,68568.335,0.0,77.8652,,,,
EDGE_SUN,noexp_coord,19,20,09:30,1,-157.1423,-60.3752,0.0,162.0855,0.0,-0.5331,40583.778,0.0,99.9999,,,,
EDGE_SUN,noexp_coord,20,21,10:00,1,-139.5706,46.1741,0.0,130.8597,0.0,11.3547,81100.374,0.0,55.784,,,,
EDGE_SUN,noexp_coord,21,22,10:30,1,102.7681,15.2519,140.3377,0.0,0.0,34.6396,52408.065,0.0,20.0863,,,,
EDGE_SUN,noexp_coord,22,23,11:00,1,125.3214,-117.8895,146.0629,0.0,0.0,19.5261,80663.279,0.0,54.5425,,,,
EDGE_SUN,noexp_coord,23,24,11:30,1,-130.8101,53.068,0.0,126.2159,0.0,7.0797,53299.876,0.0,90.4042,,,,
EDGE_SUN,noexp_coord,24,25,12:00,1,-100.5258,-202.2076,0.0,70.0944,0.0,36.8609,80379.368,0.0,55.9734,,,,
EDGE_SUN,noexp_coord,25,26,12:30,1,-70.8448,-219.9926,1.0078,27.7536,0.0,50.1191,68782.859,0.0,36.8521,,,,
EDGE_SUN,noexp_coord,26,27,13:00,1,-24.4728,-219.8599,24.3053,0.0,0.0,53.3368,60119.456,0.0,29.5285,,,,
EDGE_SUN,noexp_coord,27,28,13:30,1,-89.0854,108.6612,2.1327,42.7599,0.0,48.8784,65083.127,0.0,35.496,,,,
EDGE_SUN,noexp_coord,28,29,14:00,1,-88.8472,66.1286,6.4403,32.6784,0.0,63.6686,48760.41,0.0,24.355,,,,
EDGE_SUN,noexp_coord,29,30,14:30,1,85.5574,-36.6588,153.9181,0.0,0.0,66.9496,34353.912,0.0,17.0218,,,,
EDGE_SUN,noexp_coord,30,31,15:00,1,-130.8559,-85.1586,0.0,98.4077,0.0,36.3274,68022.205,0.0,54.8122,,,,
EDGE_SUN,noexp_coord,31,32,15:30,1,68.5919,7.1236,139.4651,0.0,0.0,69.5012,30342.001,0.0,27.9672,,,,
EDGE_SUN,noexp_coord,32,33,16:00,1,-7.8797,-214.9763,22.0882,0.0,0.0,32.0035,55299.696,0.0,62.209,,,,
EDGE_SUN,noexp_coord,33,34,16:30,1,11.6369,-204.1422,51.0392,0.0,0.0,40.5515,49066.201,0.0,67.6322,,,,
EDGE_SUN,noexp_coord,34,35,17:00,1,-49.4162,114.616,3.7124,26.7524,0.0,26.4375,45293.871,0.0,80.1635,,,,
EDGE_SUN,noexp_today,14,15,07:00,1,-168.4943,-5.8206,0.0,128.3669,0.0,42.5135,75543.849,0.0,49.0057,,,,
EDGE_SUN,noexp_today,15,16,07:30,1,-71.5232,3.5234,0.0,14.3191,0.0,58.3092,45292.215,0.0,13.988,,,,
EDGE_SUN,noexp_today,16,17,08:00,1,-6.8753,-201.7267,58.1899,0.0,0.0,67.4186,40293.981,0.0,10.0819,,,,
EDGE_SUN,noexp_today,17,18,08:30,1,71.5478,-142.0305,133.7229,0.0,0.0,62.4874,56936.811,0.0,24.3688,,,,
EDGE_SUN,noexp_today,18,19,09:00,1,107.9911,-22.9159,154.9956,0.0,0.0,45.0125,81030.023,0.0,57.2008,,,,
EDGE_SUN,noexp_today,19,20,09:30,1,-164.4827,-58.0462,0.0,162.0862,0.0,6.9391,46940.76,0.0,95.2558,,,,
EDGE_SUN,noexp_today,20,21,10:00,1,-216.7385,18.2584,0.0,149.1058,0.0,72.5687,79588.514,0.0,51.0398,,,,
EDGE_SUN,noexp_today,21,22,10:30,1,33.1553,35.0697,140.338,0.0,0.0,105.7133,40769.569,0.0,10.3647,,,,
EDGE_SUN,noexp_today,22,23,11:00,1,33.0465,-185.8381,88.5772,0.0,0.0,57.9226,76665.954,0.0,44.8208,,,,
EDGE_SUN,noexp_today,23,24,11:30,1,-98.2868,111.4102,0.0,51.1491,0.0,47.7659,77984.342,0.0,66.5685,,,,
EDGE_SUN,noexp_today,24,25,12:00,1,-142.3062,-193.7027,0.0,69.8118,0.0,79.8946,79370.994,0.0,52.6154,,,,
EDGE_SUN,noexp_today,25,26,12:30,1,-159.8787,-190.9059,0.974,66.7402,0.0,101.9992,65500.291,0.0,33.5712,,,,
EDGE_SUN,noexp_today,26,27,13:00,1,-71.0628,-203.3059,24.7973,0.0,0.0,101.3532,43947.31,0.0,15.6041,,,,
EDGE_SUN,noexp_today,27,28,13:30,1,-73.7836,124.6734,9.1822,0.0,0.0,82.726,49637.949,0.0,21.6924,,,,
EDGE_SUN,noexp_today,28,29,14:00,1,-108.8931,76.0213,6.5041,31.2392,0.0,85.5241,48273.37,0.0,23.9468,,,,
EDGE_SUN,noexp_today,29,30,14:30,1,22.2078,73.5811,111.4367,0.0,0.0,87.6299,34353.775,0.0,17.0218,,,,
EDGE_SUN,noexp_today,30,31,15:00,1,-117.3474,-79.0665,2.1651,65.8581,0.0,57.1604,58997.544,0.0,44.3821,,,,
EDGE_SUN,noexp_today,31,32,15:30,1,64.4603,11.2318,139.465,0.0,0.0,73.6663,29119.274,0.0,26.948,,,,
EDGE_SUN,noexp_today,32,33,16:00,1,-12.6012,-211.5466,22.1797,0.0,0.0,36.8505,54459.872,0.0,61.1898,,,,
EDGE_SUN,noexp_today,33,34,16:30,1,6.4279,-200.3747,51.0405,0.0,0.0,45.8072,48153.278,0.0,66.6355,,,,
EDGE_SUN,noexp_today,34,35,17:00,1,-50.6934,117.8243,4.2576,26.5603,0.0,28.4526,45273.36,0.0,79.167,,,,
R00_sun,exp_coord,14,15,07:00,0,-21.3046,-103.5763,0.1205,22.87,0.0,-0.3272,71214.799,0.2834,23.3097,0.0,0.0,0.0,55804.527
R00_sun,exp_coord,15,16,07:30,0,62.2606,-50.3262,63.0593,0.0,0.0,0.3071,68227.337,0.0,17.1005,19.4288,0.0,1.0,49020.857
R00_sun,exp_coord,18,19,09:00,0,63.2831,-196.7001,68.6749,0.0,0.0,6.6848,94382.621,0.0,33.9121,41.4428,0.0,1.0,67487.58
R00_sun,exp_coord,22,23,11:00,0,117.0487,65.6832,90.9589,0.0,53.0796,22.767,112703.195,0.0,61.1379,84.8259,53.0796,1.0,78839.948
R00_sun,exp_coord,24,25,12:00,0,-47.9882,-213.6588,0.0,37.6269,0.0,15.5978,93311.91,1.0369,86.4888,0.0,0.0,0.0,56880.764
R00_sun,exp_coord,25,26,12:30,1,177.9761,-180.9839,96.7355,0.0,109.3452,26.6688,103553.873,0.0,76.2245,109.3452,109.3452,0.0,68315.265
R00_sun,exp_coord,27,28,13:30,0,-32.4657,-223.859,0.0,36.98,0.0,0.0078,72348.748,0.0002,99.9837,0.0,0.0,0.0,40038.951
R00_sun,exp_coord,28,29,14:00,1,114.5114,-3.9955,41.1533,0.0,95.7036,19.7121,83625.084,0.0,89.8958,95.7036,95.7036,0.0,52513.303
R00_sun,exp_coord,29,30,14:30,0,58.2103,49.2052,0.0,0.0,59.9402,-0.2615,69273.717,0.0,99.9999,60.0426,59.9402,1.0,39692.642
R00_sun,exp_coord,30,31,15:00,0,53.7456,-166.1716,0.0,0.0,52.147,-0.4394,66119.717,0.0,99.9999,52.2906,52.147,1.0,39332.12
R00_sun,exp_coord,32,33,16:00,0,-49.7188,77.6472,0.0,50.118,0.0,-0.3105,56352.502,0.0,99.9999,0.0,0.0,0.0,36052.944
R00_sun,exp_coord,33,34,16:30,1,78.5452,-146.4803,55.6847,0.0,50.3946,27.4926,61182.702,0.0,86.328,50.3946,50.3946,0.0,44959.158
R00_sun,exp_today,14,15,07:00,0,-83.6006,7.3711,0.0,39.4223,0.0,45.2845,90954.13,24.0143,49.0057,0.0,0.0,0.0,75543.875
R00_sun,exp_today,15,16,07:30,0,20.4242,-65.8327,78.1452,0.0,0.0,58.0341,90101.836,0.0,38.2515,19.4288,0.0,1.0,70895.444
R00_sun,exp_today,18,19,09:00,0,-80.5994,-169.8425,0.0,72.0219,0.0,12.544,84068.461,1.723,86.0878,0.0,0.0,0.0,56841.366
R00_sun,exp_today,22,23,11:00,0,92.848,15.5493,20.383,0.0,82.2137,7.0644,80827.59,0.0,93.4325,84.8259,82.2137,1.0,46264.547
R00_sun,exp_today,24,25,12:00,0,-99.743,-172.6311,0.0,104.1474,0.0,1.4627,77415.407,0.0972,99.2199,0.0,0.0,0.0,40301.53
R00_sun,exp_today,25,26,12:30,1,168.4881,57.2306,111.4017,0.0,109.3456,46.5949,108413.519,0.0,70.8091,109.3456,109.3456,0.0,73175.013
R00_sun,exp_today,27,28,13:30,0,-32.5789,-223.2875,0.0,36.9777,0.0,0.1165,72441.44,0.0026,99.9136,0.0,0.0,0.0,40133.289
R00_sun,exp_today,28,29,14:00,1,118.692,-4.0201,41.4365,0.0,95.7036,15.7184,83677.671,0.0,89.8263,95.7036,95.7036,0.0,52570.331
R00_sun,exp_today,29,30,14:30,0,58.2111,49.134,0.0,0.0,59.9403,-0.2615,69273.707,0.0,99.9999,60.0426,59.9403,1.0,39692.631
R00_sun,exp_today,30,31,15:00,0,53.7554,-166.93,0.0,0.0,52.1471,-0.4394,66119.717,0.0,99.9999,52.2906,52.1471,1.0,39332.121
R00_sun,exp_today,32,33,16:00,0,-49.7163,77.3653,0.0,50.1181,0.0,-0.3105,56352.514,0.0,99.9999,0.0,0.0,0.0,36052.957
R00_sun,exp_today,33,34,16:30,1,80.6984,-146.3207,55.6848,0.0,50.3946,25.3068,61182.913,0.0,86.328,50.3946,50.3946,0.0,44959.372
R00_sun,noexp_coord,14,15,07:00,0,-22.5005,44.054,0.1205,22.9277,0.0,-0.3472,55751.596,0.2735,23.2634,,,,
R00_sun,noexp_coord,15,16,07:30,0,43.1126,-48.0848,43.6369,0.0,0.0,0.3034,48947.603,0.9519,17.0385,,,,
R00_sun,noexp_coord,18,19,09:00,0,79.8646,-160.8831,84.8777,0.0,0.0,5.4647,62355.919,0.0878,29.0433,,,,
R00_sun,noexp_coord,22,23,11:00,0,34.5029,72.5734,59.2122,0.0,0.0,22.5241,79917.386,0.0,59.7961,,,,
R00_sun,noexp_coord,24,25,12:00,0,-123.9345,-157.4735,0.0,108.3887,0.0,21.7966,67392.113,1.4489,78.658,,,,
R00_sun,noexp_coord,25,26,12:30,1,-48.3721,112.8169,0.5049,4.0811,0.0,44.0205,77046.453,0.0,49.0903,,,,
R00_sun,noexp_coord,27,28,13:30,0,-19.9096,-217.7545,13.9745,0.0,0.0,37.9783,76922.349,0.0,59.0525,,,,
R00_sun,noexp_coord,28,29,14:00,1,-27.6942,111.8677,16.647,0.0,0.0,43.2129,75124.912,0.0,62.4836,,,,
R00_sun,noexp_coord,29,30,14:30,0,52.4327,26.3279,96.0757,0.0,0.0,42.0646,72441.319,0.0862,66.5708,,,,
R00_sun,noexp_coord,30,31,15:00,0,-14.0837,-159.8205,2.1979,0.5856,0.0,18.1487,50980.293,3.0691,90.1596,,,,
R00_sun,noexp_coord,32,33,16:00,0,-110.587,-19.8838,0.0343,101.162,0.0,11.3659,40496.186,2.1622,95.6587,,,,
R00_sun,noexp_coord,33,34,16:30,1,81.3438,-90.4936,125.1912,0.0,0.0,43.4059,51303.464,0.0,68.0708,,,,
R00_sun,noexp_today,14,15,07:00,0,-82.2875,7.7975,0.0,40.8567,0.0,42.5135,75543.849,22.5799,49.0057,,,,
R00_sun,noexp_today,15,16,07:30,0,1.3006,-65.6251,58.8176,0.0995,0.0,58.0204,70620.764,0.8524,37.8602,,,,
R00_sun,noexp_today,18,19,09:00,0,-83.8102,-163.6029,0.0,70.6898,0.0,17.0623,59372.257,2.312,81.7692,,,,
R00_sun,noexp_today,22,23,11:00,0,-92.8677,56.3939,0.0,86.0615,0.0,8.2539,47631.618,1.5914,91.6309,,,,
R00_sun,noexp_today,24,25,12:00,0,-107.2379,-159.5313,0.5164,102.2408,0.0,11.3348,48235.551,0.6665,88.9171,,,,
R00_sun,noexp_today,25,26,12:30,1,-57.1654,117.5189,1.9495,3.828,0.0,54.6489,72915.332,0.0,61.1532,,,,
R00_sun,noexp_today,27,28,13:30,0,-43.0651,-211.6308,2.8725,33.5816,0.0,16.9139,51291.019,0.3135,84.7434,,,,
R00_sun,noexp_today,28,29,14:00,1,-59.9511,109.4268,4.8592,32.219,0.0,32.2807,59279.031,0.0,76.2878,,,,
R00_sun,noexp_today,29,30,14:30,0,38.1176,35.426,85.434,0.0,0.0,45.9268,64856.069,0.0862,68.6917,,,,
R00_sun,noexp_today,30,31,15:00,0,-10.3726,-156.2448,1.8786,1.3711,0.0,13.2042,49022.543,2.0695,89.6677,,,,
R00_sun,noexp_today,32,33,16:00,0,-102.7041,-18.2286,1.128,100.9901,0.0,4.6155,38708.823,0.5008,96.1549,,,,
R00_sun,noexp_today,33,34,16:30,1,70.4202,-101.7807,120.496,0.0,0.0,49.8502,50591.005,0.0,68.8824,,,,
R01_day,exp_coord,12,13,06:00,1,172.8024,9.4671,144.5528,0.0,30.3589,0.5227,65334.979,0.0,23.6619,30.3589,30.3589,0.0,55581.93
R01_day,exp_coord,19,20,09:30,0,113.367,31.9516,123.6566,0.0,0.0,7.2846,109585.75,0.0,58.6936,55.5995,0.0,1.0,79660.908
R01_day,exp_coord,25,26,12:30,1,-94.5998,-196.6481,0.0,93.7571,0.0,7.0674,81050.175,0.0,95.586,0.0,0.0,0.0,45089.426
R01_day,exp_coord,33,34,16:30,0,-25.1146,-104.175,0.1112,26.0722,0.0,0.121,50248.486,0.1026,99.8652,0.0,0.0,0.0,33619.87
R01_day,exp_coord,34,35,17:00,0,-17.8672,-42.4128,3.4708,5.489,0.0,16.178,49048.884,10.4081,92.7801,0.0,0.0,0.0,36253.565
R01_day,exp_coord,42,43,21:00,0,57.2723,2.2499,36.0407,0.0,0.0,-20.7819,51882.482,8.9828,75.8297,0.0,0.0,0.0,51882.482
R01_day,exp_today,12,13,06:00,1,143.2128,13.5796,144.553,0.0,30.359,30.3589,74552.262,0.0,32.0821,30.359,30.359,0.0,64798.602
R01_day,exp_today,19,20,09:30,0,58.4671,-84.5193,7.7407,0.0,53.5977,2.8004,73715.596,0.0,98.0994,55.5995,53.5977,1.0,43101.042
R01_day,exp_today,25,26,12:30,1,-87.719,-196.8235,0.0,93.7569,0.0,0.0,75337.807,0.0,99.9999,0.0,0.0,0.0,39222.843
R01_day,exp_today,33,34,16:30,0,-25.0712,-104.2064,0.1112,26.2321,0.0,-0.0827,50215.656,0.0,99.9152,0.0,0.0,0.0,33586.932
R01_day,exp_today,34,35,17:00,0,-16.8251,-42.4995,2.2922,8.0059,0.0,11.4306,49038.416,7.8914,92.7865,0.0,0.0,0.0,36242.854
R01_day,exp_today,42,43,21:00,0,57.2045,2.2474,35.9737,0.0,0.0,-20.7817,51846.967,8.9827,75.8587,0.0,0.0,0.0,51846.967
R01_day,noexp_coord,12,13,06:00,1,142.7068,10.7742,144.5526,0.0,0.0,0.5217,55535.25,0.0,23.6211,,,,
R01_day,noexp_coord,19,20,09:30,0,16.4856,63.8182,24.6823,0.0,0.0,6.911,79727.788,0.2142,58.6146,,,,
R01_day,noexp_coord,25,26,12:30,1,-110.6251,-184.5738,0.0,97.3538,0.0,19.7326,60527.394,0.0,84.3746,,,,
R01_day,noexp_coord,33,34,16:30,0,-25.3424,-102.4337,0.3841,25.2677,0.0,1.4157,33884.153,0.5638,99.393,,,,
R01_day,noexp_coord,34,35,17:00,0,-17.8382,-42.1651,3.7747,5.4461,0.0,16.4942,36331.552,10.4034,92.5944,,,,
R01_day,noexp_coord,42,43,21:00,0,57.4477,1.725,36.169,0.0,0.0,-20.8339,51943.988,9.0053,75.7646,,,,
R01_day,noexp_today,12,13,06:00,1,113.1532,13.926,144.5528,0.0,0.0,30.328,64798.587,0.0,32.0821,,,,
R01_day,noexp_today,19,20,09:30,0,-45.3995,55.011,0.0,42.7676,0.0,2.868,43125.404,1.3664,98.0994,,,,
R01_day,noexp_today,25,26,12:30,1,-92.0827,-184.2253,0.0,97.9535,0.0,0.0738,40589.509,0.0,99.9548,,,,
R01_day,noexp_today,33,34,16:30,0,-25.094,-100.98,0.1112,26.2311,0.0,-0.0827,33586.815,0.0,99.9152,,,,
R01_day,noexp_today,34,35,17:00,0,-16.9604,-41.6626,2.329,7.5728,0.0,12.0334,36242.468,8.3241,92.7868,,,,
R01_day,noexp_today,42,43,21:00,0,57.2431,3.5971,35.9416,0.0,0.0,-20.8378,51863.653,9.007,75.8622,,,,
R02_sun,exp_coord,18,19,09:00,0,7.9593,70.2533,18.1832,0.0,0.0,9.1399,84870.266,0.0,25.127,9.4412,0.0,1.0,57975.235
R02_sun,exp_coord,21,22,10:30,0,-49.2898,1.2072,0.3187,22.7556,0.0,28.1237,105433.661,17.1119,38.3778,0.0,0.0,0.0,71231.064
R02_sun,exp_coord,22,23,11:00,1,46.9448,-227.5421,26.7283,0.0,52.9721,35.5498,99021.776,0.0,32.2485,52.9721,52.9721,0.0,65158.431
R02_sun,exp_coord,27,28,13:30,1,162.7614,-39.648,96.5957,0.0,97.8329,28.2876,99781.944,0.0,75.7397,97.8329,97.8329,0.0,68246.607
R02_sun,exp_coord,28,29,14:00,0,-90.2405,-130.0919,0.0,93.5096,0.0,0.9739,71838.081,0.2387,99.4561,0.0,0.0,0.0,40257.343
R02_sun,exp_today,18,19,09:00,0,5.4651,71.3809,13.7971,0.0,0.0,7.3018,78850.196,0.0,89.4741,9.4412,0.0,1.0,51487.594
R02_sun,exp_today,21,22,10:30,0,-50.1096,9.0895,0.0,47.1149,0.0,4.1179,78972.639,2.7417,96.4087,0.0,0.0,0.0,44044.249
R02_sun,exp_today,22,23,11:00,1,-105.188,-196.2456,0.0,88.2393,0.0,23.1715,94560.273,0.0,83.5561,0.0,0.0,0.0,60654.047
R02_sun,exp_today,27,28,13:30,1,100.8218,-38.6171,7.5968,0.0,97.8329,2.759,74041.86,0.0,98.0743,97.8329,97.8329,0.0,41793.364
R02_sun,exp_today,28,29,14:00,0,-89.5786,-130.5194,0.0,93.7258,0.0,0.0854,71268.24,0.0209,99.9395,0.0,0.0,0.0,39660.33
R02_sun,noexp_coord,18,19,09:00,0,0.6742,74.2086,7.7019,0.0,0.0,6.0292,57395.208,0.2271,24.6175,,,,
R02_sun,noexp_coord,21,22,10:30,0,-42.3975,6.1302,0.7311,18.839,0.0,25.2841,67443.742,14.962,33.7901,,,,
R02_sun,noexp_coord,22,23,11:00,1,-51.2604,-222.0626,0.0,23.2654,0.0,33.2639,61895.268,0.0,28.8304,,,,
R02_sun,noexp_coord,27,28,13:30,1,-15.0382,109.791,20.9462,0.0,0.0,34.5547,74364.6,0.0,63.0791,,,,
R02_sun,noexp_coord,28,29,14:00,0,-110.7616,-125.6694,1.7152,79.04,0.0,38.0824,71124.432,8.6987,68.2218,,,,
R02_sun,noexp_today,18,19,09:00,0,-80.1447,42.0199,0.0,73.9206,0.0,7.3594,51487.603,2.7078,89.4741,,,,
R02_sun,noexp_today,21,22,10:30,0,-59.8688,-26.0806,0.1348,55.0849,0.0,6.9338,48130.613,4.3299,91.2659,,,,
R02_sun,noexp_today,22,23,11:00,1,-110.6504,-187.0565,0.0,86.3595,0.0,30.4981,64759.371,0.0,76.2721,,,,
R02_sun,noexp_today,27,28,13:30,1,-95.2469,78.3973,0.9738,91.6144,0.0,5.6878,43398.715,0.0,95.5056,,,,
R02_sun,noexp_today,28,29,14:00,0,-114.3596,-123.102,3.1292,75.7413,0.0,46.445,69456.738,10.384,70.7529,,,,
R03_day,exp_coord,3,4,01:30,1,7.0003,120.9461,0.0729,0.0,0.0,-6.5357,58199.556,0.0,33.2591,0.0,0.0,0.0,58199.556
R03_day,exp_coord,5,6,02:30,0,75.1179,-20.097,68.9091,0.0,0.0,-6.2289,59967.88,3.4834,31.6789,0.0,0.0,0.0,59967.88
R03_day,exp_coord,6,7,03:00,0,-30.3085,-31.3894,0.0,36.9207,0.0,-6.7171,76808.816,0.0,48.5976,0.0,0.0,0.0,76808.816
R03_day,exp_coord,19,20,09:30,0,152.8825,-33.554,154.6783,0.0,15.4188,14.2558,100360.173,0.0,37.3377,60.654,15.4188,1.0,70435.307
R03_day,exp_coord,22,23,11:00,0,-1.3736,82.7726,13.5838,0.0,0.0,13.5502,100305.063,0.0,79.0463,7.4569,0.0,1.0,66441.938
R03_day,exp_coord,28,29,14:00,0,-61.0606,-65.163,0.0,58.5028,0.0,5.0636,73511.585,2.7452,98.1291,0.0,0.0,0.0,41950.447
R03_day,exp_coord,45,46,22:30,0,-12.3312,-124.5689,0.0,30.0389,0.0,-18.9445,60634.92,0.0,59.7893,0.0,0.0,0.0,60634.92
R03_day,exp_today,3,4,01:30,1,7.0069,123.032,0.0729,0.0,0.0,-6.5356,58199.592,0.0,33.2592,0.0,0.0,0.0,58199.592
R03_day,exp_today,5,6,02:30,0,75.118,-20.0132,68.9092,0.0,0.0,-6.2288,59967.947,3.4834,31.6789,0.0,0.0,0.0,59967.947
R03_day,exp_today,6,7,03:00,0,-30.3082,-31.22,0.0,36.9207,0.0,-6.7169,76808.855,0.0,48.5977,0.0,0.0,0.0,76808.855
R03_day,exp_today,19,20,09:30,0,69.1263,-112.1226,17.6559,0.0,56.4797,5.0847,76757.467,0.0,95.3821,60.654,56.4797,1.0,46197.951
R03_day,exp_today,22,23,11:00,0,5.6709,81.8443,1.078,0.0,6.4877,0.3511,74921.865,0.0,99.7352,7.4569,6.4877,1.0,40222.031
R03_day,exp_today,28,29,14:00,0,-58.9964,-65.8945,0.0,61.4642,0.0,0.0,71187.784,0.0,99.9999,0.0,0.0,0.0,39579.07
R03_day,exp_today,45,46,22:30,0,-12.3317,-124.6293,0.0,30.039,0.0,-18.9448,60634.997,0.0,59.7894,0.0,0.0,0.0,60634.997
R03_day,noexp_coord,3,4,01:30,1,7.0011,120.2305,0.0729,0.0,0.0,-6.5389,58190.598,0.0,33.2528,,,,
R03_day,noexp_coord,5,6,02:30,0,75.1267,-18.7682,68.9028,0.0,0.0,-6.2403,59957.407,3.4898,31.6694,,,,
R03_day,noexp_coord,6,7,03:00,0,-30.2948,-31.6175,0.0,36.9252,0.0,-6.7359,76802.721,0.0,48.5866,,,,
R03_day,noexp_coord,19,20,09:30,0,67.4019,36.319,81.1269,0.0,0.0,11.6831,69939.595,0.1852,36.7054,,,,
R03_day,noexp_coord,22,23,11:00,0,-112.9426,44.9168,0.0,94.0972,0.0,21.0278,78744.493,4.1142,63.7185,,,,
R03_day,noexp_coord,28,29,14:00,0,-69.2865,-61.0031,0.8705,45.1611,0.0,27.627,62407.351,14.3798,81.0099,,,,
R03_day,noexp_coord,45,46,22:30,0,-12.3445,-125.1682,0.0,29.984,0.0,-18.8821,60695.846,0.0,59.7227,,,,
R03_day,noexp_today,3,4,01:30,1,7.0049,124.155,0.0729,0.0,0.0,-6.5302,58197.812,0.0,33.2592,,,,
R03_day,noexp_today,5,6,02:30,0,75.1207,-19.0379,68.9092,0.0,0.0,-6.2288,59967.92,3.4834,31.6789,,,,
R03_day,noexp_today,6,7,03:00,0,-30.3053,-30.1842,0.0,36.9207,0.0,-6.7169,76808.82,0.0,48.5977,,,,
R03_day,noexp_today,19,20,09:30,0,-9.663,73.9282,1.0787,4.6988,0.0,5.2009,46222.569,0.9131,95.3821,,,,
R03_day,noexp_today,22,23,11:00,0,-129.1726,-33.2948,0.0,129.8438,0.0,3.3263,43549.637,0.6508,97.7245,,,,
R03_day,noexp_today,28,29,14:00,0,-59.7469,-60.6797,0.3824,60.6187,0.0,1.9121,40402.351,0.6542,99.3302,,,,
R03_day,noexp_today,45,46,22:30,0,-12.3337,-123.9551,0.0,29.9816,0.0,-18.8792,60615.486,0.0,59.7894,,,,
R04_sun,exp_coord,14,15,07:00,0,34.1167,-70.2702,33.6765,0.0,0.0,-0.3272,71214.799,0.0,23.3097,15.7423,0.0,1.0,55804.527
R04_sun,exp_coord,15,16,07:30,0,29.0299,-171.4232,27.7584,0.0,0.0,-0.0994,84570.617,0.0,31.5781,14.6668,0.0,1.0,65364.2
R04_sun,exp_coord,16,17,08:00,0,-53.8224,-16.4374,0.0,53.5099,0.0,1.4479,94044.246,0.8261,38.3934,0.0,0.0,0.0,71713.422
R04_sun,exp_coord,17,18,08:30,0,43.9199,80.8262,51.1734,0.0,0.0,5.4623,80742.713,0.0,23.7962,30.0252,0.0,1.0,56293.626
R04_sun,exp_coord,18,19,09:00,0,96.3087,-102.1769,103.0172,0.0,0.0,6.0482,96800.196,0.0,36.3604,45.2304,0.0,1.0,69905.193
R04_sun,exp_coord,19,20,09:30,0,44.1362,-133.9473,49.4263,0.0,0.0,6.2267,109800.186,0.0,61.6535,29.8317,0.0,1.0,79875.355
R04_sun,exp_coord,20,21,10:00,1,194.7621,-44.5653,106.71,0.0,96.732,4.7236,103419.224,0.0,73.7888,96.732,96.732,0.0,72265.285
R04_sun,exp_coord,21,22,10:30,0,76.0562,-214.7347,0.0463,0.0,73.828,-0.3628,74425.587,0.0,99.9885,73.8909,73.828,1.0,39367.265
R04_sun,exp_coord,22,23,11:00,0,87.7393,64.7575,0.0,0.0,91.1365,0.0,74576.947,0.0,99.9999,91.1436,91.1365,1.0,39867.637
R04_sun,exp_coord,23,24,11:30,1,95.3932,-237.5211,0.0,0.0,93.0719,-0.6454,75040.354,0.0,99.9999,93.0765,93.0719,1.0,40367.401
R04_sun,exp_coord,24,25,12:00,0,-48.9396,55.8456,0.0,49.2347,0.0,0.0,76422.666,0.0,99.9999,0.0,0.0,0.0,39266.968
R04_sun,exp_coord,25,26,12:30,0,29.547,63.9784,50.2602,0.0,0.0,18.7382,91951.083,0.0,86.569,30.1728,0.0,1.0,56684.907
R04_sun,exp_coord,26,27,13:00,0,7.9685,-154.5291,4.4431,0.0,3.8157,2.8844,75237.47,0.0,98.909,7.0028,3.8157,1.0,40829.982
R04_sun,exp_coord,27,28,13:30,0,-112.7878,43.2151,0.0,114.9094,0.0,0.0,72327.114,0.0,99.9999,0.0,0.0,0.0,40017.273
R04_sun,exp_coord,28,29,14:00,1,180.4063,-89.7465,127.6726,0.0,95.7036,40.1159,105077.463,0.0,68.6534,95.7036,95.7036,0.0,74260.798
R04_sun,exp_coord,29,30,14:30,0,60.432,6.5651,0.0,0.0,61.5804,-0.2615,69273.696,0.0,99.9999,61.6761,61.5804,1.0,39692.62
R04_sun,exp_coord,30,31,15:00,0,-66.5028,-13.2444,0.0,68.5275,0.0,-0.4394,66119.717,0.0,99.9999,0.0,0.0,0.0,39332.12
R04_sun,exp_coord,31,32,15:30,1,114.8384,-116.889,76.1389,0.0,73.6663,34.2463,81273.128,0.0,81.3061,73.6663,73.6663,0.0,57546.76
R04_sun,exp_coord,32,33,16:00,0,-48.4981,-115.0266,0.0,50.5896,0.0,-0.3105,56352.459,0.0,99.9999,0.0,0.0,0.0,36052.903
R04_sun,exp_coord,33,34,16:30,0,-86.478,-133.8902,0.9426,61.8327,0.0,27.512,61637.566,5.3976,86.1994,0.0,0.0,0.0,45395.451
R04_sun,exp_coord,34,35,17:00,0,63.1012,-60.2194,99.7475,0.0,0.0,36.3032,55835.649,0.0,69.5632,20.4541,0.0,1.0,43267.211
R04_sun,exp_today,14,15,07:00,0,-13.3376,-70.8758,31.1754,0.0,0.0,45.2845,90954.13,0.0,49.0057,0.3688,0.0,1.0,75543.875
R04_sun,exp_today,15,16,07:30,0,-111.1046,-133.114,0.0,66.6928,0.0,47.4144,96243.48,11.2628,56.66,0.0,0.0,0.0,77037.113
R04_sun,exp_today,16,17,08:00,0,-86.8732,-13.7903,0.7361,21.6211,0.0,67.6894,93025.622,31.4002,38.4666,0.0,0.0,0.0,70694.841
R04_sun,exp_today,17,18,08:30,0,-76.8198,93.7761,1.5653,3.7761,0.0,75.005,90406.787,15.0078,32.7492,0.0,0.0,0.0,65957.802
R04_sun,exp_today,18,19,09:00,0,56.6311,-92.5404,137.2431,0.0,0.0,80.6627,92323.966,0.0,32.1035,45.2304,0.0,1.0,65428.971
R04_sun,exp_today,19,20,09:30,0,20.1045,-129.3726,66.4392,0.0,0.0,47.7339,106319.658,0.0,65.7998,29.8317,0.0,1.0,76394.843
R04_sun,exp_today,20,21,10:00,1,144.6586,-37.8609,72.8559,0.0,96.7319,22.0788,94329.641,0.0,82.1121,96.7319,96.7319,0.0,63143.799
R04_sun,exp_today,21,22,10:30,0,76.0334,-215.3659,0.0,0.0,73.8422,-0.3628,74410.34,0.0,99.9999,73.8909,73.8422,1.0,39351.976
R04_sun,exp_today,22,23,11:00,0,87.7416,64.6044,0.0,0.0,91.1366,0.0,74576.947,0.0,99.9999,91.1436,91.1366,1.0,39867.637
R04_sun,exp_today,23,24,11:30,1,95.41,-238.5499,0.0,0.0,93.0719,-0.6454,75040.354,0.0,99.9999,93.0765,93.0719,1.0,40367.401
R04_sun,exp_today,24,25,12:00,0,-48.9065,53.9826,0.0,49.2347,0.0,0.0,76422.666,0.0,99.9999,0.0,0.0,0.0,39266.968
R04_sun,exp_today,25,26,12:30,0,29.0082,64.0255,50.5665,0.0,0.0,19.5873,91951.083,0.0,86.569,30.1728,0.0,1.0,56684.907
R04_sun,exp_today,26,27,13:00,0,8.977,-154.9329,4.1368,0.0,3.5425,1.2766,75138.694,0.0,98.9842,7.0028,3.5425,1.0,40730.366
R04_sun,exp_today,27,28,13:30,0,-112.7776,42.5562,0.0,114.9088,0.0,0.0,72327.09,0.0,99.9999,0.0,0.0,0.0,40017.233
R04_sun,exp_today,28,29,14:00,1,166.9509,-86.7531,127.6719,0.0,95.7036,53.8496,105077.673,0.0,68.6535,95.7036,95.7036,0.0,74260.992
R04_sun,exp_today,29,30,14:30,0,60.4394,6.0357,0.0,0.0,61.5805,-0.2615,69273.697,0.0,99.9999,61.6761,61.5805,1.0,39692.62
R04_sun,exp_today,30,31,15:00,0,-66.4992,-13.5253,0.0,68.5275,0.0,-0.4394,66119.717,0.0,99.9999,0.0,0.0,0.0,39332.121
R04_sun,exp_today,31,32,15:30,1,113.8212,-115.3803,76.1389,0.0,73.6663,35.2605,81273.118,0.0,81.3061,73.6663,73.6663,0.0,57546.749
R04_sun,exp_today,32,33,16:00,0,-48.4937,-115.5312,0.0,50.5897,0.0,-0.3105,56352.468,0.0,99.9999,0.0,0.0,0.0,36052.912
R04_sun,exp_today,33,34,16:30,0,-85.0483,-133.7439,0.9128,62.1811,0.0,25.6817,61637.575,5.0492,86.1994,0.0,0.0,0.0,45395.452
R04_sun,exp_today,34,35,17:00,0,62.5075,-59.2165,100.3352,0.0,0.0,37.487,55747.77,0.0,69.4609,20.4541,0.0,1.0,43180.676
R04_sun,noexp_coord,14,15,07:00,0,18.5856,-69.1052,18.1403,0.2028,0.0,-0.3472,55751.596,0.5416,23.2634,,,,
R04_sun,noexp_coord,15,16,07:30,0,14.5011,-168.1712,13.1155,0.0,0.0,-0.0228,61148.107,0.3255,27.6619,,,,
R04_sun,noexp_coord,16,17,08:00,0,-39.8996,-11.6635,0.0,38.9687,0.0,1.7668,64405.481,0.9768,30.8821,,,,
R04_sun,noexp_coord,17,18,08:30,0,65.5068,59.0952,72.3415,0.0,0.0,4.8659,52199.443,0.1681,20.2517,,,,
R04_sun,noexp_coord,18,19,09:00,0,53.4845,-98.3374,56.493,0.0,0.0,3.1858,71448.669,0.3091,38.0132,,,,
R04_sun,noexp_coord,19,20,09:30,0,51.9208,-110.3983,58.85,0.0,0.0,7.3394,79613.965,0.2185,51.8835,,,,
R04_sun,noexp_coord,20,21,10:00,1,123.744,-34.8294,132.4748,0.0,0.0,6.3027,78195.455,0.0,66.3325,,,,
R04_sun,noexp_coord,21,22,10:30,0,-6.4516,-204.4784,0.0,10.3018,0.0,-0.12,42109.9,0.0715,98.8581,,,,
R04_sun,noexp_coord,22,23,11:00,0,-107.2377,48.2443,0.0,106.4381,0.0,2.7716,45876.517,0.3677,96.0478,,,,
R04_sun,noexp_coord,23,24,11:30,1,27.9412,-219.2044,47.0052,0.0,0.0,22.135,77826.352,0.0,67.0122,,,,
R04_sun,noexp_coord,24,25,12:00,0,-106.6972,14.4092,0.0,87.1493,0.0,22.1712,67662.373,7.1732,78.5531,,,,
R04_sun,noexp_coord,25,26,12:30,0,-85.0788,49.5309,0.223,45.6314,0.0,41.0622,79723.016,14.4193,54.7793,,,,
R04_sun,noexp_coord,26,27,13:00,0,54.8577,-99.8938,103.5196,0.0,0.0,48.997,72820.761,0.0,42.3861,,,,
R04_sun,noexp_coord,27,28,13:30,0,-167.8945,-30.1003,0.0,142.7216,0.0,29.8779,76014.644,2.1222,67.8025,,,,
R04_sun,noexp_coord,28,29,14:00,1,83.4537,-20.0108,150.5202,0.0,0.0,65.3713,54010.743,0.0,28.869,,,,
R04_sun,noexp_coord,29,30,14:30,0,63.4845,-0.9588,99.0331,0.0808,0.0,34.041,74031.81,0.1532,65.8251,,,,
R04_sun,noexp_coord,30,31,15:00,0,-64.3921,-62.3805,0.0,47.4841,0.0,19.0948,51704.433,10.7329,90.1179,,,,
R04_sun,noexp_coord,31,32,15:30,1,54.81,-108.2891,93.0066,0.0,0.0,38.5075,61015.62,0.0,77.1646,,,,
R04_sun,noexp_coord,32,33,16:00,0,-48.5235,-112.3755,0.0,50.5899,0.0,-0.3115,36053.026,0.1422,99.9998,,,,
R04_sun,noexp_coord,33,34,16:30,0,-86.487,-133.0596,0.943,61.8339,0.0,27.5126,45395.718,5.3976,86.1992,,,,
R04_sun,noexp_coord,34,35,17:00,0,42.8474,-60.5172,79.863,0.5449,0.0,36.3033,43266.989,0.1399,69.5629,,,,
R04_sun,noexp_today,14,15,07:00,0,-12.8076,-70.5829,29.6905,0.7256,0.0,42.5135,75543.849,0.0181,49.0057,,,,
R04_sun,noexp_today,15,16,07:30,0,-106.3713,-134.1804,0.0,64.948,0.0,44.3642,75481.542,10.5592,56.0975,,,,
R04_sun,noexp_today,16,17,08:00,0,-85.5556,-16.1028,1.2737,21.8231,0.0,66.7131,70169.868,30.4011,38.3801,,,,
R04_sun,noexp_today,17,18,08:30,0,-105.1941,83.5755,0.3205,34.603,0.0,71.9743,65881.935,15.5897,32.7396,,,,
R04_sun,noexp_today,18,19,09:00,0,12.7285,-91.0919,91.6791,0.0,0.0,79.899,55987.544,0.309,23.3788,,,,
R04_sun,noexp_today,19,20,09:30,0,-14.0609,-124.5208,40.1073,0.0,0.0,56.254,75601.832,0.2185,45.8881,,,,
R04_sun,noexp_today,20,21,10:00,1,-34.3396,115.411,20.3973,0.0,0.0,53.7547,77937.473,0.0,55.7354,,,,
R04_sun,noexp_today,21,22,10:30,0,46.3889,-158.5962,102.1645,0.0,0.0,57.3435,77542.113,0.0342,60.7434,,,,
R04_sun,noexp_today,22,23,11:00,0,-60.2127,94.8154,0.0,39.8352,0.0,20.2876,58823.996,2.6975,85.8271,,,,
R04_sun,noexp_today,23,24,11:30,1,13.0606,-216.7428,47.0072,0.0,0.0,37.369,70084.205,0.0,74.9603,,,,
R04_sun,noexp_today,24,25,12:00,0,-105.6631,18.3912,0.0,86.3193,0.0,21.8672,57686.34,7.0749,86.5016,,,,
R04_sun,noexp_today,25,26,12:30,0,-96.1103,53.1166,0.4361,38.7827,0.0,59.3751,77243.644,20.8472,62.9543,,,,
R04_sun,noexp_today,26,27,13:00,0,38.6681,-95.4828,112.3325,0.0,0.0,74.3444,77191.955,0.0,52.4817,,,,
R04_sun,noexp_today,27,28,13:30,0,-167.3817,-27.8687,0.0,142.3094,0.0,29.7284,64349.078,2.114,80.0619,,,,
R04_sun,noexp_today,28,29,14:00,1,59.3332,-11.1341,150.4991,0.0,0.0,89.912,66959.204,0.0,41.2408,,,,
R04_sun,noexp_today,29,30,14:30,0,38.6177,6.0769,69.373,0.0808,0.0,29.7063,65364.786,0.1887,78.1918,,,,
R04_sun,noexp_today,30,31,15:00,0,-59.5376,-60.8693,0.0,54.8292,0.0,6.7728,45388.211,3.9677,95.2024,,,,
R04_sun,noexp_today,31,32,15:30,1,43.3517,-105.7657,80.299,0.0,0.0,37.4393,58472.971,0.0,80.2453,,,,
R04_sun,noexp_today,32,33,16:00,0,-48.5355,-110.9741,0.0,50.5896,0.0,-0.3115,36105.686,0.1461,99.9606,,,,
R04_sun,noexp_today,33,34,16:30,0,-85.2369,-131.0868,0.912,62.1372,0.0,25.896,45444.803,5.0946,86.1601,,,,
R04_sun,noexp_today,34,35,17:00,0,42.2467,-58.8467,80.4422,0.5449,0.0,37.4832,43167.77,0.1399,69.4334,,,,
R05_day,exp_coord,4,5,02:00,0,32.576,-186.0814,27.4238,0.0,0.0,-5.6713,57929.483,0.4948,31.4497,0.0,0.0,0.0,57929.483
R05_day,exp_coord,17,18,08:30,0,109.2442,-6.207,115.2902,0.0,0.0,4.0214,89043.755,0.0,31.3386,38.4651,0.0,1.0,64594.781
R05_day,exp_coord,21,22,10:30,0,-104.161,-98.3896,0.0,91.5332,0.0,17.0386,111254.571,4.8263,63.8853,0.0,0.0,0.0,77052.106
R05_day,exp_coord,33,34,16:30,0,-90.4612,-135.434,0.1111,92.3302,0.0,0.2224,50260.942,0.042,99.8181,0.0,0.0,0.0,33632.62
R05_day,exp_today,4,5,02:00,0,32.5803,-184.5722,27.4238,0.0,0.0,-5.6713,57929.423,0.4948,31.4497,0.0,0.0,0.0,57929.423
R05_day,exp_today,17,18,08:30,0,52.7854,-24.593,42.8242,0.0,24.227,13.5705,78775.154,0.0,87.4552,38.4651,24.227,1.0,53925.694
R05_day,exp_today,21,22,10:30,0,-102.3624,-18.4041,0.0,105.0137,0.0,0.3038,75075.251,0.1849,99.4891,0.0,0.0,0.0,40037.099
R05_day,exp_today,33,34,16:30,0,-90.4495,-136.183,0.1111,92.6279,0.0,-0.0827,50215.656,0.0,99.9152,0.0,0.0,0.0,33586.932
R05_day,noexp_coord,4,5,02:00,0,32.5865,-186.7071,27.4212,0.0,0.0,-5.6863,57920.992,0.4961,31.4406,,,,
R05_day,noexp_coord,17,18,08:30,0,71.8943,-2.5903,76.4371,0.0,0.0,3.1815,64509.154,0.3795,31.2559,,,,
R05_day,noexp_coord,21,22,10:30,0,-109.2936,-84.7599,0.0,93.9332,0.0,19.6816,79787.625,5.5594,55.5705,,,,
R05_day,noexp_coord,33,34,16:30,0,-90.9748,-133.0369,0.1111,92.0003,0.0,1.0521,33976.394,0.1563,99.507,,,,
R05_day,noexp_today,4,5,02:00,0,32.5873,-183.2852,27.422,0.0,0.0,-5.6764,57931.254,0.4952,31.4497,,,,
R05_day,noexp_today,17,18,08:30,0,-2.6106,57.8575,11.967,0.2147,0.0,13.7323,53925.685,0.1648,87.455,,,,
R05_day,noexp_today,21,22,10:30,0,-101.0874,-89.5629,0.0,101.4443,0.0,3.8416,45221.29,1.1661,96.3618,,,,
R05_day,noexp_today,33,34,16:30,0,-90.4902,-130.5792,0.1111,92.6271,0.0,-0.0827,33586.815,0.0,99.9152,,,,
R06_sun,exp_coord,15,16,07:30,0,73.213,-124.6746,73.3551,0.0,0.0,0.1802,75318.481,0.0,23.1992,35.3748,0.0,1.0,56111.982
R06_sun,exp_coord,16,17,08:00,0,227.7608,-60.1481,164.0842,0.0,68.2272,1.1936,96305.389,0.0,41.2095,69.0237,68.2272,1.0,73974.613
R06_sun,exp_coord,17,18,08:30,0,143.3664,-212.4509,70.7217,0.0,72.6135,-0.2871,88840.322,0.0,81.4959,75.52,72.6135,1.0,64362.94
R06_sun,exp_coord,18,19,09:00,0,-96.6969,-174.9603,0.0,101.7556,0.0,-0.6738,69628.136,0.0,98.8597,0.0,0.0,0.0,42053.439
R06_sun,exp_coord,19,20,09:30,0,-116.8977,-30.42,0.0,116.806,0.0,3.1713,105098.054,0.9792,71.1015,0.0,0.0,0.0,75173.239
R06_sun,exp_coord,20,21,10:00,0,-17.845,-211.0555,0.0,4.3713,0.0,17.2279,103690.164,1.6162,39.2376,0.0,0.0,0.0,72536.067
R06_sun,exp_coord,22,23,11:00,0,-102.8405,-51.1858,0.0,76.2593,0.0,30.1958,110190.081,9.2472,44.9521,0.0,0.0,0.0,76326.802
R06_sun,exp_coord,24,25,12:00,0,137.7483,5.9155,142.2181,0.0,47.6298,48.2582,102947.186,0.0,34.3523,77.6154,47.6298,1.0,66694.655
R06_sun,exp_coord,27,28,13:30,0,-99.8462,-94.9575,0.0,82.1826,0.0,21.7356,92026.858,7.1574,83.7746,0.0,0.0,0.0,60415.158
R06_sun,exp_coord,28,29,14:00,0,23.7957,-83.9675,68.3691,0.0,0.0,45.344,106585.676,0.0,61.3557,25.7554,0.0,1.0,75758.923
R06_sun,exp_coord,29,30,14:30,0,59.4646,-57.7906,89.0111,0.0,4.4066,33.5067,94365.818,0.0,78.1418,37.0007,4.4066,1.0,65506.168
R06_sun,exp_coord,31,32,15:30,0,-133.8426,-71.8632,0.0,136.7406,0.0,0.5037,62489.385,0.0096,99.8762,0.0,0.0,0.0,38171.48
R06_sun,exp_coord,32,33,16:00,0,41.2999,-29.1231,90.4864,0.0,0.0,48.818,76376.617,0.0,62.5743,16.6246,0.0,1.0,56675.877
R06_sun,exp_coord,34,35,17:00,0,-88.179,-71.6001,0.5336,72.9079,0.0,16.9129,49586.773,2.1469,91.8455,0.0,0.0,0.0,36826.465
R06_sun,exp_today,15,16,07:30,0,-12.5305,-128.7192,25.0659,0.0,0.0,39.0177,92678.308,0.0,60.474,4.8633,0.0,1.0,73464.056
R06_sun,exp_today,16,17,08:00,0,146.0308,-134.9896,117.9865,0.0,68.6333,39.5374,94643.832,0.0,66.6282,69.0236,68.6333,1.0,72301.65
R06_sun,exp_today,17,18,08:30,0,86.1895,-224.0713,17.5769,0.0,73.6666,6.101,71318.763,0.0,95.5966,75.52,73.6666,1.0,46365.421
R06_sun,exp_today,18,19,09:00,0,-96.8138,-175.2418,0.0,101.7506,0.0,-0.5478,68222.467,0.0047,99.9121,0.0,0.0,0.0,40639.523
R06_sun,exp_today,19,20,09:30,0,-145.0974,-25.1167,0.0,106.691,0.0,42.0382,104217.144,11.2523,72.1552,0.0,0.0,0.0,74292.353
R06_sun,exp_today,20,21,10:00,0,-123.3543,-183.5307,0.0,46.315,0.0,82.888,106706.018,7.2179,43.0506,0.0,0.0,0.0,75551.947
R06_sun,exp_today,22,23,11:00,0,-131.9367,-68.5912,0.0,74.2967,0.0,62.3101,111411.411,19.082,56.3798,0.0,0.0,0.0,77548.086
R06_sun,exp_today,24,25,12:00,0,119.7201,0.942,120.0843,0.0,57.0951,54.2137,108670.401,0.0,61.7125,77.6155,57.0951,1.0,72417.468
R06_sun,exp_today,27,28,13:30,0,-88.2577,-96.3018,0.0,89.9025,0.0,2.1568,73791.79,0.7102,98.6937,0.0,0.0,0.0,41536.458
R06_sun,exp_today,28,29,14:00,0,-19.0947,-84.5475,21.6975,0.0691,0.0,42.532,100161.859,4.9554,74.1688,0.0,0.0,0.0,69333.446
R06_sun,exp_today,29,30,14:30,0,57.4023,-58.6944,83.2385,0.0,7.6147,33.0714,92696.632,0.0,79.4772,37.0007,7.6147,1.0,63838.28
R06_sun,exp_today,31,32,15:30,0,-133.7126,-71.4306,0.0,136.7557,0.0,0.3516,62487.114,0.0067,99.88,0.0,0.0,0.0,38169.206
R06_sun,exp_today,32,33,16:00,0,38.1239,-27.745,99.1601,0.0,0.0,60.7098,76376.35,0.0,62.574,16.6246,0.0,1.0,56675.596
R06_sun,exp_today,34,35,17:00,0,-84.4319,-74.083,0.0,82.3821,0.0,3.1277,44846.078,0.5673,97.5211,0.0,0.0,0.0,31977.656
R06_sun,noexp_coord,15,16,07:30,0,38.3822,-121.5604,37.9729,0.0,0.0,0.1385,56054.236,0.5752,23.1485,,,,
R06_sun,noexp_coord,16,17,08:00,0,122.941,48.7733,127.2029,0.0,0.0,1.5523,66063.242,0.0017,32.4717,,,,
R06_sun,noexp_coord,17,18,08:30,0,136.9318,-136.9437,138.3266,0.0,0.0,0.3695,78714.314,0.0057,63.7029,,,,
R06_sun,noexp_coord,18,19,09:00,0,-96.8105,-169.0477,0.0,101.7557,0.0,-0.6481,43720.369,0.0181,97.6653,,,,
R06_sun,noexp_coord,19,20,09:30,0,-98.8791,-103.4848,0.0,98.9743,0.0,3.6188,75905.879,1.0974,69.907,,,,
R06_sun,noexp_coord,20,21,10:00,0,-63.6809,-192.2515,0.0,52.2885,0.0,15.9438,75669.182,1.5066,42.9075,,,,
R06_sun,noexp_coord,22,23,11:00,0,-81.2392,-46.1948,0.0,53.9836,0.0,30.2125,68778.503,9.2523,35.4287,,,,
R06_sun,noexp_coord,24,25,12:00,0,65.697,9.4509,110.5755,0.0,0.0,42.9138,62126.522,0.0,29.8289,,,,
R06_sun,noexp_coord,27,28,13:30,0,-103.4412,-89.8955,0.0,79.2897,0.0,28.2228,69636.587,9.2935,74.721,,,,
R06_sun,noexp_coord,28,29,14:00,0,-21.6579,-83.059,27.173,0.1981,0.0,50.4748,74432.99,4.7159,53.0913,,,,
R06_sun,noexp_coord,29,30,14:30,0,40.8406,-27.4169,87.567,0.0,0.0,46.2015,73008.966,0.1535,59.7088,,,,
R06_sun,noexp_coord,31,32,15:30,0,-142.7299,-55.4978,0.3101,123.4971,0.0,22.9006,50221.495,0.4292,88.6096,,,,
R06_sun,noexp_coord,32,33,16:00,0,23.8309,-28.5475,77.3316,0.2263,0.0,53.1581,51009.882,0.0003,54.9966,,,,
R06_sun,noexp_coord,34,35,17:00,0,-81.2809,-66.348,2.8061,59.6072,0.0,25.4991,42386.792,2.6208,83.2054,,,,
R06_sun,noexp_today,15,16,07:30,0,-16.9645,-127.8191,20.344,0.3857,0.0,38.3936,73464.12,0.1895,60.474,,,,
R06_sun,noexp_today,16,17,08:00,0,60.5174,72.372,103.1184,0.0,0.0,40.7179,71774.857,0.0017,65.3637,,,,
R06_sun,noexp_today,17,18,08:30,0,21.1848,-211.2941,30.6241,0.0,0.0,11.5713,52216.837,0.0059,90.6816,,,,
R06_sun,noexp_today,18,19,09:00,0,-99.0696,-168.1193,0.0,101.6667,0.0,1.7289,43005.939,0.0897,98.2005,,,,
R06_sun,noexp_today,19,20,09:30,0,-128.9957,-100.6319,0.0,87.9055,0.0,45.435,75249.218,12.1502,70.4665,,,,
R06_sun,noexp_today,20,21,10:00,0,-119.3485,-183.2092,0.0,47.7137,0.0,77.3752,77509.698,6.7476,46.4864,,,,
R06_sun,noexp_today,22,23,11:00,0,-124.1951,-65.3664,0.0,79.3511,0.0,49.2482,76935.011,15.0819,59.3158,,,,
R06_sun,noexp_today,24,25,12:00,0,47.7225,5.5325,94.1381,0.0,0.0,45.0073,72260.383,0.0,63.1097,,,,
R06_sun,noexp_today,27,28,13:30,0,-88.7147,-88.6612,0.0,88.6438,0.0,3.7531,42630.592,1.2359,97.6878,,,,
R06_sun,noexp_today,28,29,14:00,0,-39.7956,-74.2887,3.7945,1.53,0.0,44.1986,69810.664,23.9414,73.5064,,,,
R06_sun,noexp_today,29,30,14:30,0,25.1183,-50.3883,69.791,0.0,0.0,44.8547,68872.364,0.1535,74.0206,,,,
R06_sun,noexp_today,31,32,15:30,0,-133.2644,-61.7544,0.0,134.6196,0.0,1.9081,38716.287,0.0363,99.1333,,,,
R06_sun,noexp_today,32,33,16:00,0,21.775,-27.4379,82.8019,0.2263,0.0,60.7071,56624.276,0.0003,62.4099,,,,
R06_sun,noexp_today,34,35,17:00,0,-79.7277,-69.9512,0.8217,73.2149,0.0,8.3475,34006.49,0.9271,93.6299,,,,
R07_day,exp_coord,5,6,02:30,1,-0.6762,-208.0765,0.0,6.2859,0.0,-6.1978,58091.586,0.0,29.8938,0.0,0.0,0.0,58091.586
R07_day,exp_coord,7,8,03:30,0,81.0402,-151.2835,75.069,0.0,0.0,-6.3607,57984.866,0.843,26.3917,0.0,0.0,0.0,57984.866
R07_day,exp_coord,9,10,04:30,1,-44.032,-203.2778,0.0,44.8059,0.0,-0.8807,76974.318,0.0,43.8896,0.0,0.0,0.0,75925.73
R07_day,exp_coord,12,13,06:00,0,-10.5149,-41.9058,0.0,10.8101,0.0,0.0,74238.131,0.0,31.6495,0.0,0.0,0.0,64484.11
R07_day,exp_coord,16,17,08:00,0,20.9894,-10.1533,23.3234,0.0,0.0,2.0851,83582.557,0.0,27.9689,6.7365,0.0,1.0,61251.734
R07_day,exp_coord,17,18,08:30,0,-28.5744,85.4081,0.0,24.5661,0.0,3.5653,91535.42,0.7745,33.6954,0.0,0.0,0.0,67086.482
R07_day,exp_coord,27,28,13:30,0,-8.8631,-93.7182,12.0083,0.1945,0.0,22.4554,92436.262,1.3539,82.7932,0.0,0.0,0.0,60815.788
R07_day,exp_coord,32,33,16:00,0,-36.0331,52.8627,0.0663,34.9034,0.0,1.2905,56640.303,0.6434,99.4169,0.0,0.0,0.0,36349.801
R07_day,exp_coord,39,40,19:30,0,-41.5892,-157.9531,0.0,56.0157,0.0,-16.0732,34187.166,0.0015,92.3219,0.0,0.0,0.0,34138.77
R07_day,exp_coord,43,44,21:30,0,105.577,-69.5084,86.7356,0.0,0.0,-18.9,58408.844,5.6636,58.9624,0.0,0.0,0.0,58408.844
R07_day,exp_coord,47,48,23:30,0,-55.3042,94.2521,0.0,67.7358,0.0,-12.0226,67702.572,0.0,62.9012,0.0,0.0,0.0,67702.572
R07_day,exp_today,5,6,02:30,1,-0.6711,-206.2589,0.0,6.2859,0.0,-6.1978,58091.664,0.0,29.8938,0.0,0.0,0.0,58091.664
R07_day,exp_today,7,8,03:30,0,81.0388,-151.6997,75.069,0.0,0.0,-6.3606,57984.981,0.843,26.3918,0.0,0.0,0.0,57984.981
R07_day,exp_today,9,10,04:30,1,-47.2907,-200.6808,0.0,44.8059,0.0,2.3864,76977.05,0.0,43.8961,0.0,0.0,0.0,75928.463
R07_day,exp_today,12,13,06:00,0,-26.3186,-27.7486,5.4529,1.7817,0.0,30.3589,81517.316,18.8205,39.2732,0.0,0.0,0.0,71763.315
R07_day,exp_today,16,17,08:00,0,10.0341,-19.6394,39.1078,0.0,0.0,29.1229,87443.782,0.0,75.1065,6.7365,0.0,1.0,64934.081
R07_day,exp_today,17,18,08:30,0,-41.7848,87.1771,0.0,22.3128,0.0,19.2526,83834.124,3.5783,84.7083,0.0,0.0,0.0,59134.253
R07_day,exp_today,27,28,13:30,0,-20.517,-90.1092,0.0,22.5234,0.0,0.0,72327.064,0.0,99.9999,0.0,0.0,0.0,40017.219
R07_day,exp_today,32,33,16:00,0,-35.8558,51.7991,0.0,36.2674,0.0,-0.3105,56352.552,0.0,99.9999,0.0,0.0,0.0,36052.995
R07_day,exp_today,39,40,19:30,0,-41.7189,-171.0393,0.0,56.023,0.0,-16.0732,34185.286,0.0015,92.3269,0.0,0.0,0.0,34136.892
R07_day,exp_today,43,44,21:30,0,105.0106,-69.9973,86.1781,0.0,0.0,-18.9,58498.021,5.6636,59.2697,0.0,0.0,0.0,58498.021
R07_day,exp_today,47,48,23:30,0,-55.3105,94.6195,0.0,67.744,0.0,-12.0224,67569.404,0.0,63.0716,0.0,0.0,0.0,67569.404
R07_day,noexp_coord,5,6,02:30,1,-0.6645,-209.0628,0.0,6.2833,0.0,-6.2097,58077.978,0.0,29.8816,,,,
R07_day,noexp_coord,7,8,03:30,0,81.057,-153.0527,75.067,0.0,0.0,-6.3846,57969.796,0.8461,26.3759,,,,
R07_day,noexp_coord,9,10,04:30,1,-44.0201,-204.2801,0.0,44.8061,0.0,-0.8936,75912.962,0.0,43.8696,,,,
R07_day,noexp_coord,12,13,06:00,0,-14.8718,-31.499,0.0,15.157,0.0,-0.001,64455.62,0.0,31.6226,,,,
R07_day,noexp_coord,16,17,08:00,0,14.3817,-9.577,16.4246,0.0,0.0,1.8949,59921.953,0.2707,26.7692,,,,
R07_day,noexp_coord,17,18,08:30,0,-55.635,81.9448,0.0,52.7286,0.0,3.0236,64081.831,0.6777,30.8018,,,,
R07_day,noexp_coord,27,28,13:30,0,-30.6207,-86.3884,1.2569,6.5554,0.0,27.517,67967.775,15.1172,74.5326,,,,
R07_day,noexp_coord,32,33,16:00,0,-67.1088,28.6396,0.4461,61.5633,0.0,6.7848,39075.304,2.7504,97.022,,,,
R07_day,noexp_coord,39,40,19:30,0,-41.0492,-157.7561,0.0,55.4803,0.0,-16.0731,35020.937,0.0015,91.3738,,,,
R07_day,noexp_coord,43,44,21:30,0,105.9041,-70.3083,87.0571,0.0,0.0,-18.9123,58133.216,5.6674,58.4626,,,,
R07_day,noexp_coord,47,48,23:30,0,-55.2834,93.3602,0.0,67.7136,0.0,-12.0267,67992.243,0.0,62.4801,,,,
R07_day,noexp_today,5,6,02:30,1,-0.665,-204.3873,0.0,6.2854,0.0,-6.1981,58091.79,0.0,29.8938,,,,
R07_day,noexp_today,7,8,03:30,0,81.05,-150.6146,75.0691,0.0,0.0,-6.3687,57987.852,0.844,26.3919,,,,
R07_day,noexp_today,9,10,04:30,1,-47.2921,-202.1274,0.0,44.806,0.0,2.3864,75928.508,0.0,43.8963,,,,
R07_day,noexp_today,12,13,06:00,0,-26.3125,-27.7522,5.4282,1.7817,0.0,30.328,71763.29,18.8206,39.2733,,,,
R07_day,noexp_today,16,17,08:00,0,3.3989,-19.3062,32.5798,0.0595,0.0,29.2757,64940.889,0.2112,75.1005,,,,
R07_day,noexp_today,17,18,08:30,0,-135.7152,0.8162,0.0,118.0747,0.0,20.2728,59118.151,3.7606,83.0834,,,,
R07_day,noexp_today,27,28,13:30,0,-21.1929,-85.4454,0.0,21.5641,0.0,1.5712,41022.493,0.9349,99.2134,,,,
R07_day,noexp_today,32,33,16:00,0,-65.3068,29.0139,0.0,66.377,0.0,-0.3105,36052.98,0.0,99.9999,,,,
R07_day,noexp_today,39,40,19:30,0,-41.2129,-170.7067,0.0,55.5222,0.0,-16.0732,34279.544,0.0015,91.9719,,,,
R07_day,noexp_today,43,44,21:30,0,105.393,-68.5812,86.5355,0.0,0.0,-18.9086,58361.899,5.6662,59.0513,,,,
R07_day,noexp_today,47,48,23:30,0,-55.2828,96.6879,0.0,67.7324,0.0,-12.0263,67582.245,0.0,62.941,,,,
R08_sun,exp_coord,14,15,07:00,0,15.1286,105.932,15.8317,0.0,0.0,-0.3272,71214.799,0.0,23.3097,7.6206,0.0,1.0,55804.527
R08_sun,exp_coord,16,17,08:00,0,164.0364,-132.9483,141.3274,0.0,26.4047,2.2751,82710.368,0.0,27.1771,57.6684,26.4047,1.0,60379.566
R08_sun,exp_coord,17,18,08:30,0,68.3484,-1.0712,70.1003,0.0,0.0,0.4582,103791.839,0.0,61.8762,25.1018,0.0,1.0,79342.952
R08_sun,exp_coord,20,21,10:00,0,-31.7755,-36.4629,0.0,30.2911,0.0,2.8213,97490.216,3.4414,79.3623,0.0,0.0,0.0,66325.962
R08_sun,exp_coord,21,22,10:30,0,-32.9844,-31.747,0.0,20.8182,0.0,13.5741,107501.752,10.7025,71.0991,0.0,0.0,0.0,73299.262
R08_sun,exp_coord,22,23,11:00,1,-111.1832,71.6159,0.0,91.9652,0.0,20.8763,111250.133,0.0,65.42,0.0,0.0,0.0,77386.852
R08_sun,exp_coord,24,25,12:00,0,-29.8632,38.611,10.8114,0.133,0.0,40.6422,112918.549,14.5151,48.8603,0.0,0.0,0.0,76664.996
R08_sun,exp_coord,25,26,12:30,0,4.615,-191.0861,43.649,0.0,0.0,42.4871,112151.712,0.0,51.4785,24.5395,0.0,1.0,76914.53
R08_sun,exp_coord,28,29,14:00,0,45.5609,-64.7484,75.8336,0.0,0.0,30.2236,94884.349,0.0,79.324,29.7698,0.0,1.0,64052.155
R08_sun,exp_coord,29,30,14:30,0,21.3027,26.4007,8.3783,0.0,19.0809,5.3326,71837.668,0.0,97.9428,21.5082,19.0809,1.0,42289.197
R08_sun,exp_coord,30,31,15:00,0,-47.7751,41.3573,0.0,48.6643,0.0,-0.4394,66119.741,0.0,99.9999,0.0,0.0,0.0,39332.144
R08_sun,exp_coord,31,32,15:30,0,-51.0648,-144.3515,0.4869,26.8448,0.0,27.4089,76117.188,8.6681,86.7246,0.0,0.0,0.0,52390.312
R08_sun,exp_coord,33,34,16:30,0,48.7584,-39.3668,47.9688,0.0,25.8181,24.703,59500.068,0.0,88.2225,33.5955,25.8181,1.0,43191.675
R08_sun,exp_coord,34,35,17:00,0,31.6543,-100.7284,0.0,0.0,30.049,-1.4358,43316.656,0.0,99.9999,30.3875,30.049,1.0,30410.767
R08_sun,exp_today,14,15,07:00,0,-86.1838,107.7775,0.0,41.2354,0.0,45.2845,90954.13,1.5647,49.0057,0.0,0.0,0.0,75543.875
R08_sun,exp_today,16,17,08:00,0,119.1834,-132.2603,135.2002,0.0,35.4244,50.8109,95746.901,0.0,52.0347,57.6684,35.4244,1.0,73416.147
R08_sun,exp_today,17,18,08:30,0,36.5834,3.1951,55.6695,0.0,0.1579,18.5417,83129.994,0.0,85.2294,25.1018,0.1579,1.0,58379.366
R08_sun,exp_today,20,21,10:00,0,-30.7484,-36.464,0.0,33.5945,0.0,-1.5345,72268.079,0.1377,99.822,0.0,0.0,0.0,40333.468
R08_sun,exp_today,21,22,10:30,0,-32.9431,-31.8012,0.0,21.3855,0.0,12.9644,86366.114,10.2343,90.6576,0.0,0.0,0.0,51753.514
R08_sun,exp_today,22,23,11:00,1,-112.9713,71.2275,0.0,92.0981,0.0,22.576,93527.585,0.0,84.8238,0.0,0.0,0.0,59656.172
R08_sun,exp_today,24,25,12:00,0,48.3201,35.6408,57.8269,0.0,13.5555,21.1415,94058.521,0.0,85.29,42.3904,13.5555,1.0,57503.853
R08_sun,exp_today,25,26,12:30,0,-81.894,-158.5706,0.0,86.3327,0.0,0.7246,76006.533,0.1197,99.4879,0.0,0.0,0.0,39912.822
R08_sun,exp_today,28,29,14:00,0,28.8716,-73.1703,2.5122,0.0,26.919,1.0878,71879.257,0.0,99.3831,28.0625,26.919,1.0,40292.088
R08_sun,exp_today,29,30,14:30,0,20.7326,26.0976,0.0,0.0,21.2761,-0.2615,69273.72,0.0,99.9999,21.5082,21.2761,1.0,39692.644
R08_sun,exp_today,30,31,15:00,0,-47.7748,41.3261,0.0,48.6641,0.0,-0.4394,66119.718,0.0,99.9999,0.0,0.0,0.0,39332.122
R08_sun,exp_today,31,32,15:30,0,-48.8226,-144.1041,0.413,27.876,0.0,24.014,76117.177,7.637,86.7246,0.0,0.0,0.0,52390.309
R08_sun,exp_today,33,34,16:30,0,42.5769,-41.2077,24.0351,0.0,28.9552,10.1789,54018.734,0.0,94.0987,33.5955,28.9552,1.0,37525.209
R08_sun,exp_today,34,35,17:00,0,31.6566,-101.4017,0.0,0.0,30.049,-1.4358,43316.646,0.0,99.9999,30.3875,30.049,1.0,30410.756
R08_sun,noexp_coord,14,15,07:00,0,7.6016,109.0433,8.2136,0.0,0.0,-0.3472,55751.596,0.0374,23.2634,,,,
R08_sun,noexp_coord,16,17,08:00,0,107.449,-128.305,110.0387,0.0,0.0,2.1137,58241.931,0.0507,25.2732,,,,
R08_sun,noexp_coord,17,18,08:30,0,45.0782,5.5727,47.0083,0.0,0.0,0.9901,79419.952,0.5561,52.2902,,,,
R08_sun,noexp_coord,20,21,10:00,0,-33.3181,-34.4372,0.0,27.0616,0.0,7.6004,78320.801,7.066,65.3263,,,,
R08_sun,noexp_coord,21,22,10:30,0,-20.6566,-46.1884,1.6557,4.0587,0.0,19.597,80128.079,13.6719,57.9441,,,,
R08_sun,noexp_coord,22,23,11:00,1,-165.3502,6.7117,0.0,145.3018,0.0,24.2798,80031.213,0.0,57.2434,,,,
R08_sun,noexp_coord,24,25,12:00,0,-28.7731,41.0925,15.0132,0.1365,0.0,43.6654,58839.089,12.7448,26.9134,,,,
R08_sun,noexp_coord,25,26,12:30,0,-60.3995,-183.3007,1.5267,19.5008,0.0,47.4754,62235.477,7.5411,30.5623,,,,
R08_sun,noexp_coord,28,29,14:00,0,34.7145,-24.58,81.5997,0.0,0.0,46.4344,72327.647,0.0,50.0162,,,,
R08_sun,noexp_coord,29,30,14:30,0,-22.8292,26.3607,13.7074,0.9958,0.0,35.663,70444.061,13.0909,70.0508,,,,
R08_sun,noexp_coord,30,31,15:00,0,-62.8928,49.2174,1.384,27.9468,0.0,36.9883,66020.489,15.4137,73.1446,,,,
R08_sun,noexp_coord,31,32,15:30,0,-56.4448,-142.1704,3.9716,16.0735,0.0,47.116,63675.233,12.8391,65.8607,,,,
R08_sun,noexp_coord,33,34,16:30,0,24.9757,63.1592,61.372,0.0,0.0,35.7006,51138.271,0.0646,73.8536,,,,
R08_sun,noexp_coord,34,35,17:00,0,21.0997,-93.485,38.7448,0.2543,0.0,17.5802,40338.238,0.0658,88.9219,,,,
R08_sun,noexp_today,14,15,07:00,0,-140.1376,73.6849,0.0,98.9709,0.0,42.5135,75543.849,1.4713,49.0057,,,,
R08_sun,noexp_today,16,17,08:00,0,62.7738,-122.4131,119.2455,0.0,0.0,56.7055,68235.944,0.0507,36.2848,,,,
R08_sun,noexp_today,17,18,08:30,0,25.0519,5.1454,62.701,0.0,0.0,37.1038,74264.124,0.5763,65.5623,,,,
R08_sun,noexp_today,20,21,10:00,0,-32.0372,-34.2734,0.1262,31.3376,0.0,2.1347,46237.056,2.7945,95.6193,,,,
R08_sun,noexp_today,21,22,10:30,0,-35.3782,-28.2007,0.9234,20.9341,0.0,16.7828,56859.938,12.2431,87.1016,,,,
R08_sun,noexp_today,22,23,11:00,1,-172.7617,-1.7386,0.0,148.4045,0.0,28.939,63318.996,0.0,81.6176,,,,
R08_sun,noexp_today,24,25,12:00,0,-53.1469,27.53,2.5676,14.5331,0.0,42.1046,71933.682,24.2347,66.5743,,,,
R08_sun,noexp_today,25,26,12:30,0,-122.9616,-145.3162,1.5196,75.8979,0.0,54.6143,74586.325,8.7131,63.2401,,,,
R08_sun,noexp_today,28,29,14:00,0,9.4639,-63.9983,27.3643,0.0,0.0,18.6961,52405.107,0.0,85.9239,,,,
R08_sun,noexp_today,29,30,14:30,0,-32.7536,13.6723,1.8705,25.1958,0.0,9.9679,47368.052,5.7955,92.6424,,,,
R08_sun,noexp_today,30,31,15:00,0,-81.7888,16.0749,1.1891,63.1797,0.0,21.3029,54208.96,8.7187,86.2284,,,,
R08_sun,noexp_today,31,32,15:30,0,-62.6321,-139.4731,3.7922,13.976,0.0,55.3026,63556.713,15.3696,69.2853,,,,
R08_sun,noexp_today,33,34,16:30,0,-0.8056,77.8188,27.1628,0.0,0.0,27.5033,46410.876,0.0646,81.419,,,,
R08_sun,noexp_today,34,35,17:00,0,23.4762,-90.1555,40.7418,0.2542,0.0,17.1721,38262.959,0.0658,88.088,,,,
R09_day,exp_coord,6,7,03:00,1,145.0069,37.253,138.5409,0.0,0.0,-6.2847,58120.642,0.0,28.1946,0.0,0.0,0.0,58120.642
R09_day,exp_coord,9,10,04:30,0,93.1996,74.0865,92.4179,0.0,0.0,-0.8807,81045.905,0.0,59.4406,3.0057,0.0,1.0,79997.289
R09_day,exp_coord,14,15,07:00,1,-6.9878,-220.692,0.0,9.959,0.0,-1.1074,79620.666,0.0,81.5735,0.0,0.0,0.0,64190.811
R09_day,exp_coord,24,25,12:00,0,-99.5498,-101.6487,0.0,89.4527,0.0,14.6524,92229.075,4.2907,87.4045,0.0,0.0,0.0,55726.822
R09_day,exp_coord,27,28,13:30,0,64.9425,-34.96,81.6772,0.0,9.5928,25.3446,96024.406,0.0,79.5242,41.8011,9.5928,1.0,64489.118
R09_day,exp_coord,28,29,14:00,0,40.8564,-89.245,1.719,0.0,39.3937,0.7503,71735.63,0.0,99.5778,39.9865,39.3937,1.0,40145.573
R09_day,exp_coord,34,35,17:00,0,1.8285,-148.122,0.259,0.0,0.0,-1.0134,43339.748,0.0,99.8896,0.4501,0.0,1.0,30434.68
R09_day,exp_coord,38,39,19:00,1,-63.8399,-179.0957,0.6102,68.5606,0.0,-5.1171,31212.525,0.0,94.0601,0.0,0.0,0.0,29913.746
R09_day,exp_coord,42,43,21:00,0,142.8493,-133.2542,121.3368,0.0,0.0,-22.0089,52527.716,0.7527,58.7149,0.0,0.0,0.0,52527.716
R09_day,exp_coord,43,44,21:30,0,-7.0331,74.4512,0.0,29.1356,0.0,-21.3543,49685.421,0.0,88.5058,0.0,0.0,0.0,49685.421
R09_day,exp_coord,47,48,23:30,0,66.5866,58.782,53.5207,0.0,0.0,-12.5261,70576.123,4.4819,62.9954,0.0,0.0,0.0,70576.123
R09_day,exp_today,6,7,03:00,1,145.0097,38.329,138.5409,0.0,0.0,-6.2846,58120.755,0.0,28.1947,0.0,0.0,0.0,58120.755
R09_day,exp_today,9,10,04:30,0,90.1936,74.1015,92.6734,0.0,0.0,2.3864,81042.842,0.0,59.4472,3.0057,0.0,1.0,79994.227
R09_day,exp_today,14,15,07:00,1,-66.6858,-201.1804,0.0,67.0889,0.0,2.1155,60215.575,0.0,97.1314,0.0,0.0,0.0,44451.56
R09_day,exp_today,24,25,12:00,0,-89.7702,-103.2872,0.0,93.8062,0.0,0.2864,76652.296,0.0839,99.8238,0.0,0.0,0.0,39504.678
R09_day,exp_today,27,28,13:30,0,42.1236,-38.2604,2.7132,0.0,40.7988,1.0155,73153.656,0.0,99.3337,41.8011,40.7988,1.0,40879.299
R09_day,exp_today,28,29,14:00,0,40.4698,-89.7711,0.0,0.0,39.9577,0.0,71187.761,0.0,99.9999,39.9865,39.9577,1.0,39579.04
R09_day,exp_today,34,35,17:00,0,1.9118,-148.1853,0.2336,0.0,0.0,-1.1361,43339.75,0.0,99.8896,0.4501,0.0,1.0,30434.685
R09_day,exp_today,38,39,19:00,1,-63.8361,-178.4322,0.5747,68.5604,0.0,-5.1526,31213.017,0.0,94.0685,0.0,0.0,0.0,29914.228
R09_day,exp_today,42,43,21:00,0,141.6468,-133.4011,121.3699,0.0,0.0,-20.783,52812.061,0.7108,59.0431,0.0,0.0,0.0,52812.061
R09_day,exp_today,43,44,21:30,0,-7.0371,74.0119,0.0,29.1348,0.0,-21.3542,49253.103,0.0,88.8421,0.0,0.0,0.0,49253.103
R09_day,exp_today,47,48,23:30,0,66.0668,59.1467,53.0007,0.0,0.0,-12.5258,70296.295,4.4817,63.3322,0.0,0.0,0.0,70296.295
R09_day,noexp_coord,6,7,03:00,1,145.0216,36.3164,138.5401,0.0,0.0,-6.3031,58104.43,0.0,28.1788,,,,
R09_day,noexp_coord,9,10,04:30,0,90.2033,72.4451,89.4117,0.0,0.0,-0.8867,80000.778,0.0709,59.4214,,,,
R09_day,noexp_coord,14,15,07:00,1,-63.5249,-199.9234,0.0,67.0907,0.0,-1.1074,65060.15,0.0,80.8162,,,,
R09_day,noexp_coord,24,25,12:00,0,-109.1694,-90.939,0.0,92.0782,0.0,21.7185,67157.444,6.3598,78.667,,,,
R09_day,noexp_coord,27,28,13:30,0,33.1435,-29.5179,63.7049,0.0,0.0,30.2222,70924.788,0.0,72.4481,,,,
R09_day,noexp_coord,28,29,14:00,0,-10.5896,46.8356,10.8393,0.0931,0.0,20.843,54736.519,1.2951,88.0891,,,,
R09_day,noexp_coord,34,35,17:00,0,-29.4177,-141.3227,0.2695,31.3864,0.0,-0.8948,30440.364,0.0868,99.8605,,,,
R09_day,noexp_coord,38,39,19:00,1,-62.7967,-180.3098,0.6102,67.4283,0.0,-5.033,30060.371,0.0,93.3844,,,,
R09_day,noexp_coord,42,43,21:00,0,141.6927,-133.8082,121.3623,0.0,0.0,-20.8411,52798.338,0.7128,58.986,,,,
R09_day,noexp_coord,43,44,21:30,0,-7.0308,74.0473,0.0,29.14,0.0,-21.3653,49315.028,0.098,88.7832,,,,
R09_day,noexp_coord,47,48,23:30,0,66.1639,58.1748,53.0718,0.0,0.0,-12.5573,70339.944,4.493,63.2704,,,,
R09_day,noexp_today,6,7,03:00,1,145.0136,38.2527,138.5401,0.0,0.0,-6.2896,58122.32,0.0,28.1947,,,,
R09_day,noexp_today,9,10,04:30,0,87.1944,75.2563,89.6678,0.0,0.0,2.3864,79994.229,0.0704,59.447,,,,
R09_day,noexp_today,14,15,07:00,1,-67.2057,-199.027,0.0,67.0896,0.0,2.6193,44790.204,0.0,96.8767,,,,
R09_day,noexp_today,24,25,12:00,0,-95.107,-89.8778,0.0,99.0276,0.0,0.3094,40810.423,0.0906,99.8238,,,,
R09_day,noexp_today,27,28,13:30,0,-0.586,48.8937,1.4881,0.0,0.0,1.2895,41123.278,0.0,99.2237,,,,
R09_day,noexp_today,28,29,14:00,0,-24.4219,42.9635,0.0,23.4057,0.0,0.9179,40340.223,0.5344,99.589,,,,
R09_day,noexp_today,34,35,17:00,0,-29.3305,-139.4658,0.2237,31.4745,0.0,-1.1233,30434.639,0.0284,99.8896,,,,
R09_day,noexp_today,38,39,19:00,1,-62.7898,-178.0549,0.5747,67.4836,0.0,-5.1191,30056.945,0.0,93.4091,,,,
R09_day,noexp_today,42,43,21:00,0,141.7116,-132.0701,121.367,0.0,0.0,-20.8363,52800.327,0.7126,58.984,,,,
R09_day,noexp_today,43,44,21:30,0,-7.0041,77.0118,0.0,29.1371,0.0,-21.3582,49314.768,0.1074,88.7824,,,,
R09_day,noexp_today,47,48,23:30,0,66.1711,60.3506,53.0683,0.0,0.0,-12.5551,70337.098,4.4922,63.2719,,,,
R10_sun,exp_coord,14,15,07:00,0,161.6171,-160.5265,130.1857,0.0,32.0115,-0.3272,71214.799,0.0,23.3097,46.0284,32.0115,1.0,55804.527
R10_sun,exp_coord,15,16,07:30,0,189.8467,-157.6542,132.467,0.0,58.0154,-0.854,99397.051,0.0,55.2733,59.3118,58.0154,1.0,80190.733
R10_sun,exp_coord,21,22,10:30,0,-9.5328,-27.5222,0.6243,5.7124,0.0,5.1736,90086.096,4.1869,87.5096,0.0,0.0,0.0,55641.009
R10_sun,exp_coord,23,24,11:30,0,138.5439,-189.9441,47.5089,0.0,100.3721,9.0541,89804.183,0.0,88.3294,101.6074,100.3721,1.0,55710.114
R10_sun,exp_coord,24,25,12:00,0,18.1739,-102.4825,0.0243,0.0,16.7033,0.0,76430.659,0.0,99.9939,16.7669,16.7033,1.0,39274.951
R10_sun,exp_coord,32,33,16:00,1,-116.7124,-128.395,0.0,119.9861,0.0,-0.3105,56352.45,0.0,99.9999,0.0,0.0,0.0,36052.893
R10_sun,exp_today,14,15,07:00,0,42.7025,-200.5637,63.5257,0.0,23.4288,45.2845,90954.13,0.0,49.0057,40.234,23.4288,1.0,75543.875
R10_sun,exp_today,15,16,07:30,0,76.959,-207.507,58.3563,0.0,57.0874,39.2291,94412.119,0.0,64.6027,59.3118,57.0874,1.0,75201.188
R10_sun,exp_today,21,22,10:30,0,-9.184,-27.5382,1.7569,9.2123,0.0,2.4495,77106.193,0.6869,97.9214,0.0,0.0,0.0,42121.109
R10_sun,exp_today,23,24,11:30,0,104.5634,-195.3351,2.6366,0.0,101.5308,0.3019,75877.272,0.0,99.3526,101.6074,101.5308,1.0,41233.146
R10_sun,exp_today,24,25,12:00,0,18.1738,-102.685,0.0,0.0,16.7239,0.0,76422.662,0.0,99.9999,16.7669,16.7239,1.0,39266.967
R10_sun,exp_today,32,33,16:00,1,-116.6991,-129.9578,0.0,119.9869,0.0,-0.3105,56352.511,0.0,99.9999,0.0,0.0,0.0,36052.954
R10_sun,noexp_coord,14,15,07:00,0,116.2048,-157.1214,116.1727,0.0,0.0,-0.3472,55751.596,0.0442,23.2634,,,,
R10_sun,noexp_coord,15,16,07:30,0,131.4016,-151.9588,131.2554,0.0,0.0,-0.7691,79467.939,0.0103,51.7865,,,,
R10_sun,noexp_coord,21,22,10:30,0,-10.0457,-26.1925,0.871,4.8073,0.0,6.8276,60998.924,5.3775,84.1272,,,,
R10_sun,noexp_coord,23,24,11:30,0,47.5407,-176.6607,56.5734,0.0,0.0,10.8443,59139.541,0.0208,85.7361,,,,
R10_sun,noexp_coord,24,25,12:00,0,-11.9243,-95.1938,0.0,13.2353,0.0,0.7603,41075.465,0.4342,99.6261,,,,
R10_sun,noexp_coord,32,33,16:00,1,-116.7433,-125.5084,0.0,119.9871,0.0,-0.3105,36052.992,0.0,99.9999,,,,
R10_sun,noexp_today,14,15,07:00,0,5.6301,-199.3869,46.6161,0.0,0.0,42.5135,75543.849,0.0442,49.0057,,,,
R10_sun,noexp_today,15,16,07:30,0,16.4437,-204.3985,56.7261,0.0,0.0,41.9528,76309.484,0.0096,60.451,,,,
R10_sun,noexp_today,21,22,10:30,0,-9.5512,-26.058,1.9555,9.2683,0.0,2.9421,44081.731,0.9165,97.295,,,,
R10_sun,noexp_today,23,24,11:30,0,-7.9817,111.2233,0.0,5.174,0.0,1.097,42004.619,0.0561,98.9309,,,,
R10_sun,noexp_today,24,25,12:00,0,-13.7128,-94.308,0.5982,11.4042,0.0,5.014,43811.567,2.2655,97.5195,,,,
R10_sun,noexp_today,32,33,16:00,1,-116.7652,-123.0051,0.0,119.987,0.0,-0.3105,36052.98,0.0,99.9999,,,,
R11_day,exp_coord,13,14,06:30,0,89.8857,-196.8117,77.1089,0.0,10.727,-1.7371,69296.804,0.0,23.7902,37.6426,10.727,1.0,56194.721
R11_day,exp_coord,18,19,09:00,0,134.1698,-118.6103,139.8391,0.0,0.0,4.4247,102174.978,0.0,43.1442,56.5801,0.0,1.0,75280.024
R11_day,exp_coord,25,26,12:30,0,-129.8023,-145.6145,0.0,122.5754,0.0,13.45,87092.433,0.6994,90.7212,0.0,0.0,0.0,51435.217
R11_day,exp_coord,45,46,22:30,0,-62.2992,-150.6754,0.0,79.4982,0.0,-18.9445,60634.933,0.0,59.7892,0.0,0.0,0.0,60634.933
R11_day,exp_today,13,14,06:30,0,-33.0788,-198.9724,3.9587,0.0,0.0,38.7901,84825.998,0.0,39.5359,0.425,0.0,1.0,71723.941
R11_day,exp_today,18,19,09:00,0,57.2165,-153.7426,44.4892,0.0,21.4783,9.6475,81046.196,0.0,87.487,50.0971,21.4783,1.0,53710.502
R11_day,exp_today,25,26,12:30,0,-117.4994,-146.7885,0.0,123.403,0.0,0.0,75337.807,0.0,99.9999,0.0,0.0,0.0,39222.843
R11_day,exp_today,45,46,22:30,0,-62.3002,-150.7621,0.0,79.4987,0.0,-18.9448,60635.007,0.0,59.7894,0.0,0.0,0.0,60635.007
R11_day,noexp_coord,13,14,06:30,0,52.6749,-193.9533,50.2,0.0,0.0,-1.7562,56147.099,0.152,23.7486,,,,
R11_day,noexp_coord,18,19,09:00,0,78.6866,-104.5553,83.2255,0.0,0.0,4.265,70148.033,0.2175,36.7439,,,,
R11_day,noexp_coord,25,26,12:30,0,-143.069,-133.1696,0.0,127.1593,0.0,22.298,64065.723,1.1595,81.3597,,,,
R11_day,noexp_coord,45,46,22:30,0,-62.307,-151.4943,0.0,79.4329,0.0,-18.8792,60615.489,0.0,59.7893,,,,
R11_day,noexp_today,13,14,06:30,0,-79.213,-189.7533,0.0,43.4401,0.0,37.9892,71723.667,3.0673,39.5359,,,,
R11_day,noexp_today,18,19,09:00,0,-13.7978,-148.9409,4.2091,2.2949,0.0,17.9838,58709.686,1.8148,80.4326,,,,
R11_day,noexp_today,25,26,12:30,0,-124.8634,-132.0504,0.0,128.3357,0.0,2.3943,42302.746,0.1245,98.4967,,,,
R11_day,noexp_today,45,46,22:30,0,-62.2911,-149.7933,0.0,79.433,0.0,-18.8792,60615.486,0.0,59.7894,,,,
SMOKE,exp_coord,11,12,05:30,0,-33.2881,-35.4896,0.0,33.6416,0.0,-0.04,62451.651,0.0069,23.6734,0.0,0.0,0.0,55969.178
SMOKE,exp_coord,16,17,08:00,2,-19.7157,107.6859,0.3893,15.652,0.0,3.6227,67936.914,0.0,14.4656,0.0,0.0,0.0,45607.501
SMOKE,exp_coord,19,20,09:30,1,168.9837,-178.3574,98.905,0.0,92.9373,21.6088,76515.412,0.0,15.5903,92.9373,92.9373,0.0,46595.731
SMOKE,exp_coord,21,22,10:30,2,-146.5045,37.8821,0.0,124.0475,0.0,25.6766,109832.013,0.0,44.02,0.0,0.0,0.0,75629.364
SMOKE,exp_coord,23,24,11:30,3,223.0589,-68.1267,165.5585,0.0,104.9862,42.8557,86608.703,0.0,21.0603,104.9862,104.9862,0.0,52797.742
SMOKE,exp_coord,25,26,12:30,0,145.6372,60.6378,102.2594,0.0,79.9018,31.4305,109165.176,0.0,69.9072,97.8013,79.9018,1.0,73926.543
SMOKE,noexp_coord,11,12,05:30,0,-33.1879,-35.0365,0.0,33.5438,0.0,-0.045,55925.388,0.0069,23.6351,,,,
SMOKE,noexp_coord,16,17,08:00,2,-18.8536,112.9183,0.3893,15.3663,0.0,2.9671,45513.951,0.0,14.3876,,,,
SMOKE,noexp_coord,19,20,09:30,1,84.0893,-183.5179,98.9047,0.0,0.0,15.5492,44241.522,0.0,13.6277,,,,
SMOKE,noexp_coord,21,22,10:30,2,-135.8646,64.0749,0.0,114.8311,0.0,23.4474,74332.381,0.0,41.5058,,,,
SMOKE,noexp_coord,23,24,11:30,3,127.8005,-48.956,165.5587,0.0,0.0,35.2694,50556.176,0.0,19.1442,,,,
SMOKE,noexp_coord,25,26,12:30,0,-3.6685,95.7532,29.5177,0.0,0.0,31.51,76320.588,0.0,68.021,,,,
WC_EXPORT,exp_coord,12,13,06:00,2,-46.9885,106.1275,0.4721,46.8536,0.0,0.5227,65334.979,0.0,23.6619,0.0,0.0,0.0,55581.93
WC_EXPORT,exp_coord,13,14,06:30,2,-1.3817,110.5955,0.6137,1.9812,0.0,-0.7134,54161.123,0.0,10.9964,0.0,0.0,0.0,41060.409
WC_EXPORT,exp_coord,14,15,07:00,2,-1.8638,112.6187,0.6563,1.1074,0.0,0.5482,56157.444,0.0,10.6066,0.0,0.0,0.0,40750.085
WC_EXPORT,exp_coord,15,16,07:30,2,-3.3317,109.3016,0.0,1.4084,0.0,0.9496,60260.78,0.0,10.4657,0.0,0.0,0.0,41054.355
WC_EXPORT,exp_coord,16,17,08:00,2,-5.0741,109.1393,1.1864,0.2983,0.0,4.8539,62616.523,0.0,10.0815,0.0,0.0,0.0,40293.503
WC_EXPORT,exp_coord,17,18,08:30,2,-9.2145,123.2864,1.7953,0.7684,0.0,8.9658,64684.857,0.0,10.2914,0.0,0.0,0.0,40248.666
WC_EXPORT,exp_coord,18,19,09:00,2,-15.0903,106.9658,0.1154,0.6747,0.0,13.4445,67655.277,0.0,10.5226,0.0,0.0,0.0,40760.363
WC_EXPORT,exp_coord,19,20,09:30,2,-23.5538,108.3369,1.4062,0.5321,0.0,23.4176,70199.684,0.0,10.3668,0.0,0.0,0.0,40287.697
WC_EXPORT,exp_coord,20,21,10:00,2,-29.4472,120.9192,0.0927,1.7151,0.0,26.6563,72258.548,0.0,10.5669,0.0,0.0,0.0,41104.516
WC_EXPORT,exp_coord,21,22,10:30,2,-39.9004,119.7057,0.6424,0.3628,0.0,39.1532,74673.387,0.0,10.1218,0.0,0.0,0.0,40474.327
WC_EXPORT,exp_coord,22,23,11:00,2,-43.7227,120.14,1.5594,0.0,0.0,44.3173,73891.683,0.0,10.1806,0.0,0.0,0.0,40051.267
WC_EXPORT,exp_coord,23,24,11:30,2,-47.404,120.8548,1.5213,0.6454,0.0,47.42,74086.644,0.0,10.5635,0.0,0.0,0.0,40279.481
WC_EXPORT,exp_coord,24,25,12:00,2,-57.8002,112.6503,2.1856,0.0,0.0,59.4722,76053.166,0.0,10.7609,0.0,0.0,0.0,39844.429
WC_EXPORT,exp_coord,25,26,12:30,2,-61.4321,114.0458,2.1969,0.0,0.0,63.1812,75052.087,0.0,11.2975,0.0,0.0,0.0,39842.25
WC_EXPORT,exp_coord,26,27,13:00,2,-62.2454,114.9277,3.5448,0.0,0.0,65.406,72907.234,0.0,11.8369,0.0,0.0,0.0,39390.285
WC_EXPORT,exp_coord,27,28,13:30,2,-62.2788,116.5698,4.9079,0.0,0.0,66.8215,70300.098,0.0,12.7072,0.0,0.0,0.0,38845.35
WC_EXPORT,exp_coord,28,29,14:00,2,-60.6402,116.8273,12.6603,0.0,0.0,72.874,66715.205,0.0,13.9122,0.0,0.0,0.0,36134.015
WC_EXPORT,exp_coord,29,30,14:30,2,-57.0321,116.9922,17.3361,0.2617,0.0,73.6542,62749.048,0.0,17.0206,0.0,0.0,0.0,34354.419
WC_EXPORT,exp_coord,30,31,15:00,2,-49.5068,117.4467,23.8623,0.4396,0.0,72.3877,57952.158,0.0,21.2057,0.0,0.0,0.0,32384.982
WC_EXPORT,exp_coord,31,32,15:30,2,-39.5325,114.7763,32.0688,0.0,0.0,70.9794,52140.417,0.0,26.9445,0.0,0.0,0.0,29120.062
WC_EXPORT,exp_coord,32,33,16:00,2,-28.3822,115.1889,33.6688,0.3106,0.0,61.1903,46880.197,0.0,34.8181,0.0,0.0,0.0,27659.49
WC_EXPORT,exp_coord,33,34,16:30,2,-14.389,114.4418,36.517,0.1942,0.0,50.2007,40753.888,0.0,42.9998,0.0,0.0,0.0,24976.362
WC_EXPORT,exp_coord,34,35,17:00,2,-5.0243,93.8888,34.4513,1.4361,0.0,37.6697,36152.272,0.0,51.9126,0.0,0.0,0.0,23775.295
WC_EXPORT,exp_coord,35,36,17:30,2,-0.4514,-34.6457,30.4428,6.4916,0.0,24.217,33352.402,0.0,59.9794,0.0,0.0,0.0,23570.826
WC_EXPORT,exp_coord,36,37,18:00,2,-0.3485,-200.907,20.2098,7.2697,0.0,12.9501,32081.761,0.0,65.6829,0.0,0.0,0.0,25593.89
WC_EXPORT,exp_coord,37,38,18:30,2,-0.7997,-203.7863,10.4273,8.4529,0.0,1.983,30752.031,0.0,68.6618,0.0,0.0,0.0,27383.731
WC_EXPORT,exp_coord,38,39,19:00,2,-1.0884,-205.1295,3.9474,6.032,0.0,-2.0763,30561.315,0.0,68.916,0.0,0.0,0.0,29283.452
WC_EXPORT,exp_coord,39,40,19:30,2,-1.8342,-199.9207,0.1438,16.1007,0.0,-15.95,34779.826,0.0,68.2397,0.0,0.0,0.0,34733.001
WC_EXPORT,exp_today,12,13,06:00,2,-107.1121,95.0123,0.2859,77.5526,0.0,30.3589,74552.262,0.0,32.0821,0.0,0.0,0.0,64798.602
WC_EXPORT,exp_today,13,14,06:30,2,-40.4714,117.3705,0.6181,1.9812,0.0,38.7901,54159.636,0.0,10.9964,0.0,0.0,0.0,41058.85
WC_EXPORT,exp_today,14,15,07:00,2,-47.5697,118.4493,0.6563,1.1074,0.0,46.8326,56157.427,0.0,10.6077,0.0,0.0,0.0,40750.069
WC_EXPORT,exp_today,15,16,07:30,2,-59.9093,120.4506,0.0,1.411,0.0,58.3092,60261.623,0.0,10.4668,0.0,0.0,0.0,41055.198
WC_EXPORT,exp_today,16,17,08:00,2,-68.3491,121.4584,1.1864,0.2998,0.0,69.1076,62617.017,0.0,10.0819,0.0,0.0,0.0,40293.996
WC_EXPORT,exp_today,17,18,08:30,2,-74.1972,122.9906,1.7953,0.7684,0.0,75.2207,64684.857,0.0,10.2914,0.0,0.0,0.0,40248.666
WC_EXPORT,exp_today,18,19,09:00,2,-83.3315,125.6875,0.1165,0.6737,0.0,82.8844,67654.628,0.0,10.5226,0.0,0.0,0.0,40759.639
WC_EXPORT,exp_today,19,20,09:30,2,-91.313,128.701,1.4062,0.5331,0.0,92.4041,70200.006,0.0,10.3674,0.0,0.0,0.0,40288.02
WC_EXPORT,exp_today,20,21,10:00,2,-96.3462,130.2091,0.0927,1.7161,0.0,95.0158,72258.885,0.0,10.5672,0.0,0.0,0.0,41104.846
WC_EXPORT,exp_today,21,22,10:30,2,-105.0957,133.5088,0.6424,0.3628,0.0,105.7885,74673.387,0.0,10.1218,0.0,0.0,0.0,40474.327
WC_EXPORT,exp_today,22,23,11:00,2,-103.1845,133.7129,1.5594,0.0,0.0,105.0867,73891.678,0.0,10.1806,0.0,0.0,0.0,40051.263
WC_EXPORT,exp_today,23,24,11:30,2,-103.1013,133.5944,1.5213,0.6454,0.0,104.3407,74086.646,0.0,10.5635,0.0,0.0,0.0,40279.481
WC_EXPORT,exp_today,24,25,12:00,2,-109.8374,135.6328,2.1856,0.0,0.0,112.4884,76053.165,0.0,10.7609,0.0,0.0,0.0,39844.429
WC_EXPORT,exp_today,25,26,12:30,2,-106.7482,134.6233,2.1969,0.0,0.0,109.3452,75052.087,0.0,11.2975,0.0,0.0,0.0,39842.251
WC_EXPORT,exp_today,26,27,13:00,2,-100.3563,132.0392,3.5448,0.0,0.0,104.2116,72907.232,0.0,11.8369,0.0,0.0,0.0,39390.285
WC_EXPORT,exp_today,27,28,13:30,2,-92.7599,130.4823,4.9079,0.0,0.0,97.8329,70300.103,0.0,12.7072,0.0,0.0,0.0,38845.356
WC_EXPORT,exp_today,28,29,14:00,2,-83.0884,126.6809,12.6603,0.0,0.0,95.7035,66715.204,0.0,13.9122,0.0,0.0,0.0,36134.013
WC_EXPORT,exp_today,29,30,14:30,2,-72.4145,122.0145,17.336,0.2617,0.0,89.3124,62749.056,0.0,17.0206,0.0,0.0,0.0,34354.437
WC_EXPORT,exp_today,30,31,15:00,2,-57.6657,118.8342,23.8623,0.4396,0.0,80.703,57952.161,0.0,21.2057,0.0,0.0,0.0,32384.996
WC_EXPORT,exp_today,31,32,15:30,2,-42.1747,115.3791,32.0687,0.0,0.0,73.6663,52140.423,0.0,26.9445,0.0,0.0,0.0,29120.069
WC_EXPORT,exp_today,32,33,16:00,2,-28.3818,115.1835,33.6691,0.3106,0.0,61.1903,46880.214,0.0,34.8181,0.0,0.0,0.0,27659.545
WC_EXPORT,exp_today,33,34,16:30,2,-14.389,114.4331,36.5168,0.194,0.0,50.2007,40753.93,0.0,42.9999,0.0,0.0,0.0,24976.368
WC_EXPORT,exp_today,34,35,17:00,2,-5.0254,94.18,34.4512,1.4361,0.0,37.6697,36152.282,0.0,51.9127,0.0,0.0,0.0,23775.308
WC_EXPORT,exp_today,35,36,17:30,2,-0.4513,-34.142,30.4427,6.4916,0.0,24.217,33352.406,0.0,59.9795,0.0,0.0,0.0,23570.833
WC_EXPORT,exp_today,36,37,18:00,2,-0.3514,-203.0566,20.2102,7.2698,0.0,12.9501,32082.625,0.0,65.683,0.0,0.0,0.0,25594.755
WC_EXPORT,exp_today,37,38,18:30,2,-0.8002,-203.8999,10.4273,8.4529,0.0,1.983,30751.961,0.0,68.6619,0.0,0.0,0.0,27383.662
WC_EXPORT,exp_today,38,39,19:00,2,-1.0836,-204.2035,3.9474,6.032,0.0,-2.0762,30561.205,0.0,68.9161,0.0,0.0,0.0,29283.343
WC_EXPORT,exp_today,39,40,19:30,2,-1.8325,-199.7161,0.1438,16.1007,0.0,-15.95,34779.698,0.0,68.2398,0.0,0.0,0.0,34732.873
WC_EXPORT,noexp_coord,12,13,06:00,2,-46.847,107.3324,0.4721,46.7041,0.0,0.5217,55535.25,0.0,23.6211,,,,
WC_EXPORT,noexp_coord,13,14,06:30,2,-1.8947,129.2725,0.6181,1.9812,0.0,-0.3202,41058.902,0.0,10.9964,,,,
WC_EXPORT,noexp_coord,14,15,07:00,2,-1.8033,113.4403,0.6552,1.1074,0.0,0.4741,40750.443,0.0,10.6077,,,,
WC_EXPORT,noexp_coord,15,16,07:30,2,-3.2921,129.6899,0.0,1.41,0.0,0.7094,41054.866,0.0,10.4665,,,,
WC_EXPORT,noexp_coord,16,17,08:00,2,-4.4972,130.1154,1.1864,0.2998,0.0,4.0231,40293.986,0.0,10.0819,,,,
WC_EXPORT,noexp_coord,17,18,08:30,2,-6.2397,113.0957,1.7908,0.7686,0.0,6.0396,40250.146,0.0,10.2914,,,,
WC_EXPORT,noexp_coord,18,19,09:00,2,-9.8705,113.3916,0.1165,0.6715,0.0,8.0167,40758.965,0.0,10.5214,,,,
WC_EXPORT,noexp_coord,19,20,09:30,2,-16.9181,113.7309,1.4062,0.5321,0.0,16.5392,40287.654,0.0,10.3668,,,,
WC_EXPORT,noexp_coord,20,21,10:00,2,-22.0482,112.4404,0.0916,1.716,0.0,19.1956,41105.151,0.0,10.5669,,,,
WC_EXPORT,noexp_coord,21,22,10:30,2,-31.792,113.0065,0.6424,0.3618,0.0,30.9347,40474.005,0.0,10.1213,,,,
WC_EXPORT,noexp_coord,22,23,11:00,2,-36.005,113.344,1.5593,0.0,0.0,36.5065,40051.272,0.0,10.1803,,,,
WC_EXPORT,noexp_coord,23,24,11:30,2,-39.2973,114.2086,1.5213,0.6444,0.0,39.204,40279.149,0.0,10.5632,,,,
WC_EXPORT,noexp_coord,24,25,12:00,2,-48.3178,114.7387,2.1857,0.0,0.0,49.6808,39844.444,0.0,10.7609,,,,
WC_EXPORT,noexp_coord,25,26,12:30,2,-51.455,114.7206,2.1966,0.0,0.0,52.9068,39842.226,0.0,11.2975,,,,
WC_EXPORT,noexp_coord,26,27,13:00,2,-52.4898,115.3966,3.5447,0.0,0.0,55.3675,39390.404,0.0,11.8368,,,,
WC_EXPORT,noexp_coord,27,28,13:30,2,-51.7836,115.784,4.9073,0.0,0.0,56.0651,38845.511,0.0,12.7071,,,,
WC_EXPORT,noexp_coord,28,29,14:00,2,-50.2122,115.561,12.6597,0.0,0.0,62.204,36134.36,0.0,13.912,,,,
WC_EXPORT,noexp_coord,29,30,14:30,2,-46.9258,114.7739,17.3353,0.2616,0.0,63.3413,34354.567,0.0,17.0202,,,,
WC_EXPORT,noexp_coord,30,31,15:00,2,-39.6171,113.2036,23.8613,0.4396,0.0,62.3371,32385.333,0.0,21.2051,,,,
WC_EXPORT,noexp_coord,31,32,15:30,2,-30.6288,111.352,32.0674,0.0,0.0,61.938,29120.966,0.0,26.9437,,,,
WC_EXPORT,noexp_coord,32,33,16:00,2,-22.0196,111.9552,33.668,0.3106,0.0,54.7477,27660.168,0.0,34.8169,,,,
WC_EXPORT,noexp_coord,33,34,16:30,2,-11.8823,112.5126,36.5162,0.1942,0.0,47.6694,24977.651,0.0,42.9985,,,,
WC_EXPORT,noexp_coord,34,35,17:00,2,-4.4721,92.7998,34.4506,1.4361,0.0,37.114,23777.071,0.0,51.911,,,,
WC_EXPORT,noexp_coord,35,36,17:30,2,-0.452,-35.8035,30.4424,6.4916,0.0,24.217,23572.456,0.0,59.9777,,,,
WC_EXPORT,noexp_coord,36,37,18:00,2,-0.3536,-204.4259,20.2102,7.2698,0.0,12.95,25596.991,0.0,65.6811,,,,
WC_EXPORT,noexp_coord,37,38,18:30,2,-0.8063,-205.2358,10.4262,8.4528,0.0,1.983,27385.408,0.0,68.66,,,,
WC_EXPORT,noexp_coord,38,39,19:00,2,-1.0927,-205.885,3.9471,6.0321,0.0,-2.0762,29285.379,0.0,68.914,,,,
WC_EXPORT,noexp_coord,39,40,19:30,2,-1.9101,-201.6084,0.1447,16.1439,0.0,-15.9323,34748.57,0.0,68.2376,,,,
WC_EXPORT,noexp_today,12,13,06:00,2,-107.0825,95.2135,0.2859,77.5526,0.0,30.328,64798.587,0.0,32.0821,,,,
WC_EXPORT,noexp_today,13,14,06:30,2,-40.4822,119.022,0.6181,1.9812,0.0,38.7901,41058.936,0.0,10.9964,,,,
WC_EXPORT,noexp_today,14,15,07:00,2,-47.1864,122.2753,0.6563,1.1074,0.0,46.4128,40750.068,0.0,10.6077,,,,
WC_EXPORT,noexp_today,15,16,07:30,2,-58.6572,121.3643,0.0,1.411,0.0,57.0232,41055.174,0.0,10.4668,,,,
WC_EXPORT,noexp_today,16,17,08:00,2,-65.777,122.6352,1.1864,0.2998,0.0,66.4683,40293.981,0.0,10.0819,,,,
WC_EXPORT,noexp_today,17,18,08:30,2,-69.2977,123.7707,1.7953,0.7684,0.0,70.2061,40248.662,0.0,10.2914,,,,
WC_EXPORT,noexp_today,18,19,09:00,2,-75.8004,124.8744,0.1165,0.6737,0.0,75.1913,40759.697,0.0,10.5226,,,,
WC_EXPORT,noexp_today,19,20,09:30,2,-81.0106,126.4919,1.4062,0.5331,0.0,81.8833,40287.994,0.0,10.3674,,,,
WC_EXPORT,noexp_today,20,21,10:00,2,-84.0352,125.6737,0.0927,1.7161,0.0,82.4609,41104.84,0.0,10.5672,,,,
WC_EXPORT,noexp_today,21,22,10:30,2,-92.8929,129.4228,0.6424,0.3628,0.0,93.3241,40474.345,0.0,10.1218,,,,
WC_EXPORT,noexp_today,22,23,11:00,2,-91.403,128.2041,1.5593,0.0,0.0,93.0785,40051.282,0.0,10.1806,,,,
WC_EXPORT,noexp_today,23,24,11:30,2,-90.4758,127.6917,1.5213,0.6454,0.0,91.4663,40279.423,0.0,10.5634,,,,
WC_EXPORT,noexp_today,24,25,12:00,2,-94.9268,130.27,2.1855,0.0,0.0,97.2486,39844.433,0.0,10.7609,,,,
WC_EXPORT,noexp_today,25,26,12:30,2,-92.9887,129.1684,2.197,0.0,0.0,95.2824,39842.164,0.0,11.2975,,,,
WC_EXPORT,noexp_today,26,27,13:00,2,-88.1063,127.7933,3.5446,0.0,0.0,91.6859,39390.304,0.0,11.8369,,,,
WC_EXPORT,noexp_today,27,28,13:30,2,-81.7656,126.2113,4.9074,0.0,0.0,86.6128,38845.541,0.0,12.7072,,,,
WC_EXPORT,noexp_today,28,29,14:00,2,-74.2991,123.9739,12.6597,0.0,0.0,86.7294,36134.306,0.0,13.912,,,,
WC_EXPORT,noexp_today,29,30,14:30,2,-66.2891,121.0122,17.3354,0.2616,0.0,83.0508,34354.381,0.0,17.0203,,,,
WC_EXPORT,noexp_today,30,31,15:00,2,-53.3197,118.2238,23.8609,0.4396,0.0,76.2624,32385.629,0.0,21.2052,,,,
WC_EXPORT,noexp_today,31,32,15:30,2,-39.7114,114.9715,32.0671,0.0,0.0,71.1516,29120.671,0.0,26.9436,,,,
WC_EXPORT,noexp_today,32,33,16:00,2,-27.1245,113.694,33.668,0.3106,0.0,59.9217,27660.135,0.0,34.8168,,,,
WC_EXPORT,noexp_today,33,34,16:30,2,-14.2321,115.1466,36.5161,0.1942,0.0,50.0363,24977.21,0.0,42.9984,,,,
WC_EXPORT,noexp_today,34,35,17:00,2,-5.0306,95.4123,34.4507,1.4361,0.0,37.6697,23777.072,0.0,51.9109,,,,
WC_EXPORT,noexp_today,35,36,17:30,2,-0.4517,-34.6444,30.4424,6.4916,0.0,24.217,23572.492,0.0,59.9776,,,,
WC_EXPORT,noexp_today,36,37,18:00,2,-0.3487,-201.5391,20.2102,7.2698,0.0,12.9501,25595.965,0.0,65.681,,,,
WC_EXPORT,noexp_today,37,38,18:30,2,-0.7948,-202.2513,10.4263,8.4528,0.0,1.983,27385.475,0.0,68.6599,,,,
WC_EXPORT,noexp_today,38,39,19:00,2,-1.0834,-204.185,3.9476,6.0321,0.0,-2.0762,29285.377,0.0,68.914,,,,
WC_EXPORT,noexp_today,39,40,19:30,2,-1.814,-197.6715,0.1437,16.1005,0.0,-15.95,34734.684,0.0,68.2377,,,,
WC_IMPORT,exp_coord,1,2,00:30,3,174.5718,-41.2486,165.5979,0.0,0.0,-8.8745,58925.484,0.0,37.3085,0.0,0.0,0.0,58925.484
WC_IMPORT,exp_coord,2,3,01:00,3,96.163,95.8724,89.7406,0.0,0.0,-5.9694,68465.73,0.0,77.9665,0.0,0.0,0.0,68465.73
WC_IMPORT,exp_coord,3,4,01:30,3,7.0704,122.23,0.0,0.0,0.0,-6.6332,40654.938,0.0,99.9999,0.0,0.0,0.0,40654.938
WC_IMPORT,exp_coord,4,5,02:00,3,6.385,123.4178,0.0,0.0,0.0,-5.984,40654.379,0.0,99.9999,0.0,0.0,0.0,40654.379
WC_IMPORT,exp_coord,5,6,02:30,3,6.704,122.0086,0.0,0.0,0.0,-6.3143,40654.207,0.0,99.9999,0.0,0.0,0.0,40654.207
WC_IMPORT,exp_coord,6,7,03:00,3,7.1175,123.1453,0.0,0.0,0.0,-6.7171,40654.244,0.0,99.9999,0.0,0.0,0.0,40654.244
WC_IMPORT,exp_coord,7,8,03:30,3,7.1317,123.5671,0.0,0.0,0.0,-6.7292,40654.458,0.0,99.9999,0.0,0.0,0.0,40654.458
WC_IMPORT,exp_coord,8,9,04:00,3,3.8214,121.191,0.0,0.0,0.026,-3.4908,40660.208,0.0,99.9999,0.026,0.026,0.0,40660.208
WC_IMPORT,exp_coord,9,10,04:30,3,4.3598,120.2779,0.0,0.0,3.267,-0.9502,41724.22,0.0,99.9999,3.267,3.267,0.0,40646.013
WC_IMPORT,exp_coord,10,11,05:00,3,11.0926,-198.8205,0.0,0.0,10.8403,-0.0737,44218.577,0.0,99.9999,10.8403,10.8403,0.0,40640.863
WC_IMPORT,exp_coord,11,12,05:30,3,20.8566,-216.0146,0.0,0.0,20.1838,-0.1617,47291.871,0.0,99.9999,20.1838,20.1838,0.0,40630.417
WC_IMPORT,exp_coord,12,13,06:00,3,31.2949,-218.242,0.0,0.0,30.3589,-0.1296,50642.245,0.0,99.9999,30.3589,30.3589,0.0,40622.369
WC_IMPORT,exp_coord,13,14,06:30,3,43.7241,-210.8987,0.0,0.0,40.7714,-1.9813,54069.207,0.0,99.9999,40.7714,40.7714,0.0,40614.665
WC_IMPORT,exp_coord,14,15,07:00,3,50.4015,-223.1549,0.0,0.0,47.94,-1.3298,56429.137,0.0,99.9999,47.94,47.94,0.0,40608.549
WC_IMPORT,exp_coord,15,16,07:30,3,62.302,-223.3854,0.0,0.0,59.7202,-1.411,60314.837,0.0,99.9999,59.7202,59.7202,0.0,40602.436
WC_IMPORT,exp_coord,16,17,08:00,3,70.9051,-217.7865,0.0,0.0,69.4075,-0.2998,63509.99,0.0,99.9999,69.4075,69.4075,0.0,40596.713
WC_IMPORT,exp_coord,17,18,08:30,3,77.9796,-226.6356,0.0,0.0,75.9891,-0.7684,65673.548,0.0,99.9999,75.9891,75.9891,0.0,40592.504
WC_IMPORT,exp_coord,18,19,09:00,3,85.5295,-231.0724,0.0,0.0,83.5582,-0.6738,68105.033,0.0,99.9999,83.5582,83.5582,0.0,40520.606
WC_IMPORT,exp_coord,19,20,09:30,3,94.7075,-232.6457,0.0,0.0,92.9373,-0.5331,71245.962,0.0,99.9999,92.9373,92.9373,0.0,40559.367
WC_IMPORT,exp_coord,20,21,10:00,3,99.7702,-234.7777,0.0,0.0,96.7319,-1.7161,72035.649,0.0,99.9999,96.7319,96.7319,0.0,40094.531
WC_IMPORT,exp_coord,21,22,10:30,3,107.9122,-238.2377,0.0,0.0,106.1513,-0.3628,74410.314,0.0,99.9999,106.1513,106.1513,0.0,39351.951
WC_IMPORT,exp_coord,22,23,11:00,3,106.5486,-238.5953,0.0,0.0,105.0867,0.0,74576.954,0.0,99.9999,105.0867,105.0867,0.0,39867.644
WC_IMPORT,exp_coord,23,24,11:30,3,107.0076,-237.713,0.0,0.0,104.9861,-0.6454,75040.353,0.0,99.9999,104.9861,104.9861,0.0,40367.4
WC_IMPORT,exp_coord,24,25,12:00,3,113.8208,-237.2814,0.0,0.0,112.4885,0.0,76422.666,0.0,99.9999,112.4885,112.4885,0.0,39266.968
WC_IMPORT,exp_coord,25,26,12:30,3,110.8596,-240.9909,0.0,0.0,109.3452,0.0,75337.806,0.0,99.9999,109.3452,109.3452,0.0,39222.84
WC_IMPORT,exp_coord,26,27,13:00,3,105.7102,-239.3597,0.0,0.0,104.2116,0.0,73792.031,0.0,99.9999,104.2116,104.2116,0.0,39378.175
WC_IMPORT,exp_coord,27,28,13:30,3,99.3105,-237.2196,0.0,0.0,97.8329,0.0,72327.058,0.0,99.9999,97.8329,97.8329,0.0,40017.214
WC_IMPORT,exp_coord,28,29,14:00,3,97.1999,-236.6152,0.0,0.0,95.7036,0.0,71187.786,0.0,99.9999,95.7036,95.7036,0.0,39579.071
WC_IMPORT,exp_coord,29,30,14:30,3,91.3084,-234.5088,0.0,0.0,89.574,-0.2615,69273.731,0.0,99.9999,89.574,89.574,0.0,39692.652
WC_IMPORT,exp_coord,30,31,15:00,3,83.0141,-232.4275,0.0,0.0,81.1424,-0.4394,66119.717,0.0,99.9999,81.1424,81.1424,0.0,39332.12
WC_IMPORT,exp_coord,31,32,15:30,3,75.0624,-230.6505,0.0,0.0,73.6663,0.0,62376.08,0.0,99.9999,73.6663,73.6663,0.0,38055.73
WC_IMPORT,exp_coord,32,33,16:00,3,62.8695,-224.7635,0.0,0.0,61.5008,-0.3105,56352.497,0.0,99.9999,61.5008,61.5008,0.0,36052.94
WC_IMPORT,exp_coord,33,34,16:30,3,51.349,-221.4452,0.0,0.0,50.3946,-0.1939,50203.927,0.0,99.9999,50.3946,50.3946,0.0,33574.276
WC_IMPORT,exp_today,1,2,00:30,3,174.575,-40.4743,165.5979,0.0,0.0,-8.8745,58925.466,0.0,37.3085,0.0,0.0,0.0,58925.466
WC_IMPORT,exp_today,2,3,01:00,3,96.1637,96.1311,89.7406,0.0,0.0,-5.9694,68465.717,0.0,77.9665,0.0,0.0,0.0,68465.717
WC_IMPORT,exp_today,3,4,01:30,3,7.0762,124.1365,0.0,0.0,0.0,-6.6331,40654.938,0.0,99.9999,0.0,0.0,0.0,40654.938
WC_IMPORT,exp_today,4,5,02:00,3,6.3842,123.1941,0.0,0.0,0.0,-5.9839,40654.381,0.0,99.9999,0.0,0.0,0.0,40654.381
WC_IMPORT,exp_today,5,6,02:30,3,6.6898,124.3804,0.0,0.0,0.0,-6.2933,40654.18,0.0,99.9999,0.0,0.0,0.0,40654.18
WC_IMPORT,exp_today,6,7,03:00,3,7.1173,123.2264,0.0,0.0,0.0,-6.7169,40654.245,0.0,99.9999,0.0,0.0,0.0,40654.245
WC_IMPORT,exp_today,7,8,03:30,3,7.1268,122.0113,0.0,0.0,0.0,-6.729,40654.458,0.0,99.9999,0.0,0.0,0.0,40654.458
WC_IMPORT,exp_today,8,9,04:00,3,3.7491,120.1766,0.0,0.0,0.026,-3.4207,40660.204,0.0,99.9999,0.026,0.026,0.0,40660.204
WC_IMPORT,exp_today,9,10,04:30,3,4.2898,119.9116,0.0,0.0,3.267,-0.8806,41724.193,0.0,99.9999,3.267,3.267,0.0,40645.985
WC_IMPORT,exp_today,10,11,05:00,3,11.0174,-196.9962,0.0,0.0,10.8403,0.0,44218.655,0.0,99.9999,10.8403,10.8403,0.0,40640.941
WC_IMPORT,exp_today,11,12,05:30,3,20.7543,-214.3605,0.0,0.0,20.1838,-0.0635,47291.868,0.0,99.9999,20.1838,20.1838,0.0,40630.421
WC_IMPORT,exp_today,12,13,06:00,3,31.1567,-216.2295,0.0,0.0,30.3589,0.0,50642.278,0.0,99.9999,30.3589,30.3589,0.0,40622.406
WC_IMPORT,exp_today,13,14,06:30,3,43.7852,-220.1881,0.0,0.0,40.7714,-1.9813,54069.207,0.0,99.9999,40.7714,40.7714,0.0,40614.665
WC_IMPORT,exp_today,14,15,07:00,3,50.1721,-221.9548,0.0,0.0,47.9401,-1.1074,56429.158,0.0,99.9999,47.9401,47.9401,0.0,40608.563
WC_IMPORT,exp_today,15,16,07:30,3,62.3254,-225.9721,0.0,0.0,59.7202,-1.411,60314.837,0.0,99.9999,59.7202,59.7202,0.0,40602.437
WC_IMPORT,exp_today,16,17,08:00,3,71.0162,-227.9471,0.0,0.0,69.4075,-0.2998,63509.99,0.0,99.9999,69.4075,69.4075,0.0,40596.713
WC_IMPORT,exp_today,17,18,08:30,3,78.0071,-229.0373,0.0,0.0,75.9891,-0.7684,65673.548,0.0,99.9999,75.9891,75.9891,0.0,40592.504
WC_IMPORT,exp_today,18,19,09:00,3,85.5484,-232.5904,0.0,0.0,83.5582,-0.6738,68105.036,0.0,99.9999,83.5582,83.5582,0.0,40520.609
WC_IMPORT,exp_today,19,20,09:30,3,94.7131,-233.1272,0.0,0.0,92.9373,-0.5331,71245.962,0.0,99.9999,92.9373,92.9373,0.0,40559.367
WC_IMPORT,exp_today,20,21,10:00,3,99.7872,-235.9659,0.0,0.0,96.7319,-1.7161,72035.649,0.0,99.9999,96.7319,96.7319,0.0,40094.531
WC_IMPORT,exp_today,21,22,10:30,3,107.909,-238.1889,0.0,0.0,106.1513,-0.3628,74410.314,0.0,99.9999,106.1513,106.1513,0.0,39351.951
WC_IMPORT,exp_today,22,23,11:00,3,106.5519,-238.8189,0.0,0.0,105.0867,0.0,74576.947,0.0,99.9999,105.0867,105.0867,0.0,39867.637
WC_IMPORT,exp_today,23,24,11:30,3,107.0249,-238.7719,0.0,0.0,104.9861,-0.6454,75040.353,0.0,99.9999,104.9861,104.9861,0.0,40367.4
WC_IMPORT,exp_today,24,25,12:00,3,113.8788,-240.5559,0.0,0.0,112.4885,0.0,76422.666,0.0,99.9999,112.4885,112.4885,0.0,39266.968
WC_IMPORT,exp_today,25,26,12:30,3,110.8533,-240.7018,0.0,0.0,109.3452,0.0,75337.806,0.0,99.9999,109.3452,109.3452,0.0,39222.842
WC_IMPORT,exp_today,26,27,13:00,3,105.7182,-239.8548,0.0,0.0,104.2116,0.0,73792.032,0.0,99.9999,104.2116,104.2116,0.0,39378.175
WC_IMPORT,exp_today,27,28,13:30,3,99.3118,-237.3665,0.0,0.0,97.8329,0.0,72327.059,0.0,99.9999,97.8329,97.8329,0.0,40017.214
WC_IMPORT,exp_today,28,29,14:00,3,97.1994,-236.6222,0.0,0.0,95.7036,0.0,71187.786,0.0,99.9999,95.7036,95.7036,0.0,39579.071
WC_IMPORT,exp_today,29,30,14:30,3,91.3178,-235.1777,0.0,0.0,89.574,-0.2615,69273.731,0.0,99.9999,89.574,89.574,0.0,39692.653
WC_IMPORT,exp_today,30,31,15:00,3,83.0211,-232.9827,0.0,0.0,81.1424,-0.4394,66119.717,0.0,99.9999,81.1424,81.1424,0.0,39332.121
WC_IMPORT,exp_today,31,32,15:30,3,75.06,-230.4478,0.0,0.0,73.6663,0.0,62376.085,0.0,99.9999,73.6663,73.6663,0.0,38055.735
WC_IMPORT,exp_today,32,33,16:00,3,62.878,-225.7141,0.0,0.0,61.5008,-0.3105,56352.528,0.0,99.9999,61.5008,61.5008,0.0,36052.971
WC_IMPORT,exp_today,33,34,16:30,3,51.3504,-221.6584,0.0,0.0,50.3946,-0.1939,50203.924,0.0,99.9999,50.3946,50.3946,0.0,33574.273
WC_IMPORT,noexp_coord,1,2,00:30,3,174.5756,-42.0223,165.5979,0.0,0.0,-8.8816,58923.426,0.0,37.3066,,,,
WC_IMPORT,noexp_coord,2,3,01:00,3,96.1842,94.4977,89.7484,0.0,0.0,-5.9876,68467.821,0.0,77.9646,,,,
WC_IMPORT,noexp_coord,3,4,01:30,3,7.0719,121.5416,0.0,0.0,0.0,-6.6371,40654.964,0.0,99.9999,,,,
WC_IMPORT,noexp_coord,4,5,02:00,3,6.3797,121.6291,0.0,0.0,0.0,-5.984,40654.417,0.0,99.9999,,,,
WC_IMPORT,noexp_coord,5,6,02:30,3,6.6929,125.4232,0.0,0.0,0.0,-6.2934,40654.203,0.0,99.9999,,,,
WC_IMPORT,noexp_coord,6,7,03:00,3,7.1125,121.5006,0.0,0.0,0.0,-6.717,40654.268,0.0,99.9999,,,,
WC_IMPORT,noexp_coord,7,8,03:30,3,7.1342,124.4765,0.0,0.0,0.0,-6.7291,40654.461,0.0,99.9999,,,,
WC_IMPORT,noexp_coord,8,9,04:00,3,3.7626,119.6833,0.0,0.0,0.0,-3.4613,40651.663,0.0,99.9999,,,,
WC_IMPORT,noexp_coord,9,10,04:30,3,1.0666,118.9576,0.0,0.0,0.0,-0.9191,40646.036,0.0,99.9999,,,,
WC_IMPORT,noexp_coord,10,11,05:00,3,0.2614,-199.1151,0.0,0.0,0.0,-0.0399,40640.973,0.0,99.9999,,,,
WC_IMPORT,noexp_coord,11,12,05:30,3,0.7423,-215.3034,0.0,0.0,0.0,-0.1041,40630.415,0.0,99.9999,,,,
WC_IMPORT,noexp_coord,12,13,06:00,3,1.113,-217.2768,0.0,0.0,0.0,-0.0414,40622.428,0.0,99.9999,,,,
WC_IMPORT,noexp_coord,13,14,06:30,3,3.4356,-212.7141,0.0,0.0,0.0,-1.9813,40614.674,0.0,99.9999,,,,
WC_IMPORT,noexp_coord,14,15,07:00,3,2.8592,-218.9102,0.0,0.0,0.0,-1.1074,40608.522,0.0,99.9999,,,,
WC_IMPORT,noexp_coord,15,16,07:30,3,3.4798,-220.3487,0.0,0.0,0.0,-1.411,40602.446,0.0,99.9999,,,,
WC_IMPORT,noexp_coord,16,17,08:00,3,2.7428,-221.4198,0.0,0.0,0.0,-0.2998,40596.707,0.0,99.9999,,,,
WC_IMPORT,noexp_coord,17,18,08:30,3,3.3948,-221.5448,0.0,0.0,0.0,-0.7684,40592.503,0.0,99.9999,,,,
WC_IMPORT,noexp_coord,18,19,09:00,3,3.6004,-222.6688,0.0,0.0,0.0,-0.6738,40587.752,0.0,99.9999,,,,
WC_IMPORT,noexp_coord,19,20,09:30,3,3.6927,-223.6422,0.0,0.0,0.0,-0.5331,40583.769,0.0,99.9999,,,,
WC_IMPORT,noexp_coord,20,21,10:00,3,5.1707,-225.6243,0.0,0.0,0.0,-1.7161,40580.825,0.0,99.9999,,,,
WC_IMPORT,noexp_coord,21,22,10:30,3,4.2495,-227.0849,0.0,0.0,0.0,-0.3628,40576.444,0.0,99.9999,,,,
WC_IMPORT,noexp_coord,22,23,11:00,3,3.9475,-227.3788,0.0,0.0,0.0,0.0,40574.729,0.0,99.9999,,,,
WC_IMPORT,noexp_coord,23,24,11:30,3,4.4956,-226.7261,0.0,0.0,0.0,-0.6454,40575.023,0.0,99.9999,,,,
WC_IMPORT,noexp_coord,24,25,12:00,3,4.1116,-227.7255,0.0,0.0,0.0,0.0,40572.715,0.0,99.9999,,,,
WC_IMPORT,noexp_coord,25,26,12:30,3,4.1909,-228.8781,0.0,0.0,0.0,0.0,40528.657,0.0,99.9999,,,,
WC_IMPORT,noexp_coord,26,27,13:00,3,3.9819,-227.6859,0.0,0.0,0.0,0.0,40423.092,0.0,99.9999,,,,
WC_IMPORT,noexp_coord,27,28,13:30,3,3.6937,-226.859,0.0,0.0,0.0,0.0,40210.86,0.0,99.9999,,,,
WC_IMPORT,noexp_coord,28,29,14:00,3,3.5694,-226.5763,0.0,0.0,0.0,0.0,39887.467,0.0,99.9999,,,,
WC_IMPORT,noexp_coord,29,30,14:30,3,3.564,-225.3384,0.0,0.0,0.0,-0.2615,39904.201,0.0,99.9999,,,,
WC_IMPORT,noexp_coord,30,31,15:00,3,3.4365,-224.2897,0.0,0.0,0.0,-0.4394,39344.093,0.0,99.9999,,,,
WC_IMPORT,noexp_coord,31,32,15:30,3,2.6748,-223.1343,0.0,0.0,0.0,0.0,38055.7,0.0,99.9999,,,,
WC_IMPORT,noexp_coord,32,33,16:00,3,2.281,-220.1939,0.0,0.0,0.0,-0.3105,36052.991,0.0,99.9999,,,,
WC_IMPORT,noexp_coord,33,34,16:30,3,1.5687,-217.2725,0.0,0.0,0.0,-0.1939,33573.975,0.0,99.9999,,,,
WC_IMPORT,noexp_today,1,2,00:30,3,174.5907,-36.679,165.5979,0.0,0.0,-8.8745,58925.586,0.0,37.3085,,,,
WC_IMPORT,noexp_today,2,3,01:00,3,96.1755,97.8643,89.7406,0.0,0.0,-5.9754,68465.703,0.0,77.9665,,,,
WC_IMPORT,noexp_today,3,4,01:30,3,7.0715,122.7149,0.0,0.0,0.0,-6.6331,40654.965,0.0,99.9999,,,,
WC_IMPORT,noexp_today,4,5,02:00,3,6.3815,122.3088,0.0,0.0,0.0,-5.9839,40654.417,0.0,99.9999,,,,
WC_IMPORT,noexp_today,5,6,02:30,3,6.6814,121.4479,0.0,0.0,0.0,-6.2933,40654.204,0.0,99.9999,,,,
WC_IMPORT,noexp_today,6,7,03:00,3,7.1155,122.6614,0.0,0.0,0.0,-6.7169,40654.268,0.0,99.9999,,,,
WC_IMPORT,noexp_today,7,8,03:30,3,7.1255,121.6357,0.0,0.0,0.0,-6.729,40654.461,0.0,99.9999,,,,
WC_IMPORT,noexp_today,8,9,04:00,3,3.7244,120.812,0.0,0.0,0.0,-3.4207,40651.637,0.0,99.9999,,,,
WC_IMPORT,noexp_today,9,10,04:30,3,1.0296,120.7944,0.0,0.0,0.0,-0.8806,40646.033,0.0,99.9999,,,,
WC_IMPORT,noexp_today,10,11,05:00,3,0.2196,-196.9583,0.0,0.0,0.0,0.0,40640.954,0.0,99.9999,,,,
WC_IMPORT,noexp_today,11,12,05:30,3,0.6959,-213.1707,0.0,0.0,0.0,-0.0635,40630.441,0.0,99.9999,,,,
WC_IMPORT,noexp_today,12,13,06:00,3,1.0565,-214.0754,0.0,0.0,0.0,0.0,40622.418,0.0,99.9999,,,,
WC_IMPORT,noexp_today,13,14,06:30,3,3.4529,-215.4032,0.0,0.0,0.0,-1.9813,40614.67,0.0,99.9999,,,,
WC_IMPORT,noexp_today,14,15,07:00,3,2.8338,-215.766,0.0,0.0,0.0,-1.1074,40608.522,0.0,99.9999,,,,
WC_IMPORT,noexp_today,15,16,07:30,3,3.4738,-219.7553,0.0,0.0,0.0,-1.411,40602.446,0.0,99.9999,,,,
WC_IMPORT,noexp_today,16,17,08:00,3,2.7283,-220.0987,0.0,0.0,0.0,-0.2998,40596.707,0.0,99.9999,,,,
WC_IMPORT,noexp_today,17,18,08:30,3,3.3869,-220.8834,0.0,0.0,0.0,-0.7684,40592.503,0.0,99.9999,,,,
WC_IMPORT,noexp_today,18,19,09:00,3,3.6001,-222.6813,0.0,0.0,0.0,-0.6738,40587.752,0.0,99.9999,,,,
WC_IMPORT,noexp_today,19,20,09:30,3,3.6902,-223.4782,0.0,0.0,0.0,-0.5331,40583.769,0.0,99.9999,,,,
WC_IMPORT,noexp_today,20,21,10:00,3,5.1386,-223.5399,0.0,0.0,0.0,-1.7161,40580.825,0.0,99.9999,,,,
WC_IMPORT,noexp_today,21,22,10:30,3,4.2153,-225.0951,0.0,0.0,0.0,-0.3628,40576.444,0.0,99.9999,,,,
WC_IMPORT,noexp_today,22,23,11:00,3,3.9401,-226.9653,0.0,0.0,0.0,0.0,40574.729,0.0,99.9999,,,,
WC_IMPORT,noexp_today,23,24,11:30,3,4.4774,-225.6647,0.0,0.0,0.0,-0.6454,40575.023,0.0,99.9999,,,,
WC_IMPORT,noexp_today,24,25,12:00,3,4.1062,-227.419,0.0,0.0,0.0,0.0,40572.715,0.0,99.9999,,,,
WC_IMPORT,noexp_today,25,26,12:30,3,4.1643,-227.3952,0.0,0.0,0.0,0.0,40528.656,0.0,99.9999,,,,
WC_IMPORT,noexp_today,26,27,13:00,3,3.9674,-226.8398,0.0,0.0,0.0,0.0,40423.092,0.0,99.9999,,,,
WC_IMPORT,noexp_today,27,28,13:30,3,3.6851,-226.3152,0.0,0.0,0.0,0.0,40210.861,0.0,99.9999,,,,
WC_IMPORT,noexp_today,28,29,14:00,3,3.5509,-225.3812,0.0,0.0,0.0,0.0,39887.466,0.0,99.9999,,,,
WC_IMPORT,noexp_today,29,30,14:30,3,3.5323,-223.17,0.0,0.0,0.0,-0.2615,39904.197,0.0,99.9999,,,,
WC_IMPORT,noexp_today,30,31,15:00,3,3.4114,-222.3872,0.0,0.0,0.0,-0.4394,39344.091,0.0,99.9999,,,,
WC_IMPORT,noexp_today,31,32,15:30,3,2.634,-219.6332,0.0,0.0,0.0,0.0,38055.701,0.0,99.9999,,,,
WC_IMPORT,noexp_today,32,33,16:00,3,2.2563,-217.3792,0.0,0.0,0.0,-0.3105,36052.987,0.0,99.9999,,,,
WC_IMPORT,noexp_today,33,34,16:30,3,1.5583,-215.5962,0.0,0.0,0.0,-0.1939,33573.978,0.0,99.9999,,,,
