now,target,angle_deg,FairMode,zeta,status,aggregator,n_batt,cap_pu,sumP_pu,util,util_min,util_max
  1,  2,   0.0, 0,      0.000000,Optimal,Agg1    , 402,      1.447200,      1.190562,      0.822666,     -0.003002,      0.999997
  1,  2,   0.0, 0,      0.000000,Optimal,Agg2    , 397,      1.429200,      1.199347,      0.839174,     -0.126989,      0.999997
  1,  2,   0.0, 0,      0.000000,Optimal,Agg3    , 417,      1.501200,      1.240497,      0.826337,      0.027479,      0.999997
  1,  2,  30.0, 0,      0.000000,Optimal,Agg1    , 402,      1.447200,      1.039393,      0.718210,     -0.623917,      0.999883
  1,  2,  30.0, 0,      0.000000,Optimal,Agg2    , 397,      1.429200,      1.079034,      0.754992,     -0.146934,      0.999902
  1,  2,  30.0, 0,      0.000000,Optimal,Agg3    , 417,      1.501200,      1.102167,      0.734191,     -0.589621,      0.999877
  1,  2,  60.0, 0,      0.000000,Optimal,Agg1    , 402,      1.447200,      0.224357,      0.155028,     -0.651455,      0.944206
  1,  2,  60.0, 0,      0.000000,Optimal,Agg2    , 397,      1.429200,      0.220137,      0.154028,     -0.650227,      0.925025
  1,  2,  60.0, 0,      0.000000,Optimal,Agg3    , 417,      1.501200,      0.230409,      0.153483,     -0.655424,      0.968220
  1,  2,  90.0, 0,      0.000000,Optimal,Agg1    , 402,      1.447200,     -0.119902,     -0.082851,     -0.648797,      0.597934
  1,  2,  90.0, 0,      0.000000,Optimal,Agg2    , 397,      1.429200,     -0.116430,     -0.081465,     -0.653073,      0.594844
  1,  2,  90.0, 0,      0.000000,Optimal,Agg3    , 417,      1.501200,     -0.134721,     -0.089742,     -0.648925,      0.557381
  1,  2, 120.0, 0,      0.000000,Optimal,Agg1    , 402,      1.447200,     -0.716641,     -0.495192,     -0.652554,      0.000000
  1,  2, 120.0, 0,      0.000000,Optimal,Agg2    , 397,      1.429200,     -0.700834,     -0.490368,     -0.645392,      0.068690
  1,  2, 120.0, 0,      0.000000,Optimal,Agg3    , 417,      1.501200,     -0.738928,     -0.492225,     -0.644095,      0.100472
  1,  2, 150.0, 0,      0.000000,Optimal,Agg1    , 402,      1.447200,     -0.869934,     -0.601115,     -0.655732,      0.000000
  1,  2, 150.0, 0,      0.000000,Optimal,Agg2    , 397,      1.429200,     -0.856554,     -0.599324,     -0.656006,     -0.030392
  1,  2, 150.0, 0,      0.000000,Optimal,Agg3    , 417,      1.501200,     -0.900704,     -0.599989,     -0.656840,      0.000042
  1,  2, 180.0, 0,      0.000000,Optimal,Agg1    , 402,      1.447200,     -0.869939,     -0.601119,     -0.655735,      0.000034
  1,  2, 180.0, 0,      0.000000,Optimal,Agg2    , 397,      1.429200,     -0.856560,     -0.599328,     -0.656013,     -0.030399
  1,  2, 180.0, 0,      0.000000,Optimal,Agg3    , 417,      1.501200,     -0.900710,     -0.599994,     -0.656846,      0.000034
  1,  2, 210.0, 0,      0.000000,Optimal,Agg1    , 402,      1.447200,     -0.845764,     -0.584414,     -0.655743,      0.000000
  1,  2, 210.0, 0,      0.000000,Optimal,Agg2    , 397,      1.429200,     -0.825814,     -0.577815,     -0.656019,      0.011674
  1,  2, 210.0, 0,      0.000000,Optimal,Agg3    , 417,      1.501200,     -0.869266,     -0.579048,     -0.656850,      0.000000
  1,  2, 240.0, 0,      0.000000,Optimal,Agg1    , 402,      1.447200,     -0.096170,     -0.066452,     -0.649356,      0.981234
  1,  2, 240.0, 0,      0.000000,Optimal,Agg2    , 397,      1.429200,     -0.054022,     -0.037799,     -0.646520,      0.944688
  1,  2, 240.0, 0,      0.000000,Optimal,Agg3    , 417,      1.501200,     -0.081138,     -0.054048,     -0.650811,      0.990659
  1,  2, 270.0, 0,      0.000000,Optimal,Agg1    , 402,      1.447200,      0.133597,      0.092314,     -0.648270,      0.999918
  1,  2, 270.0, 0,      0.000000,Optimal,Agg2    , 397,      1.429200,      0.170662,      0.119411,     -0.650330,      0.961738
  1,  2, 270.0, 0,      0.000000,Optimal,Agg3    , 417,      1.501200,      0.153524,      0.102268,     -0.649316,      0.966597
  1,  2, 300.0, 0,      0.000000,Optimal,Agg1    , 402,      1.447200,      0.567631,      0.392227,     -0.222252,      0.984273
  1,  2, 300.0, 0,      0.000000,Optimal,Agg2    , 397,      1.429200,      0.587622,      0.411155,     -0.068171,      0.990336
  1,  2, 300.0, 0,      0.000000,Optimal,Agg3    , 417,      1.501200,      0.609872,      0.406256,     -0.229732,      0.985943
  1,  2, 330.0, 0,      0.000000,Optimal,Agg1    , 402,      1.447200,      1.023745,      0.707397,     -0.145731,      0.989692
  1,  2, 330.0, 0,      0.000000,Optimal,Agg2    , 397,      1.429200,      1.040072,      0.727730,      0.391668,      0.989677
  1,  2, 330.0, 0,      0.000000,Optimal,Agg3    , 417,      1.501200,      1.076387,      0.717018,     -0.141209,      0.949707
  2,  3,   0.0, 0,      0.000000,Optimal,Agg1    , 402,      1.447200,      1.210463,      0.836417,      0.405620,      0.999998
  2,  3,   0.0, 0,      0.000000,Optimal,Agg2    , 397,      1.429200,      1.213876,      0.849339,     -0.001216,      0.999998
  2,  3,   0.0, 0,      0.000000,Optimal,Agg3    , 417,      1.501200,      1.262989,      0.841319,      0.156497,      0.999998
  2,  3,  30.0, 0,      0.000000,Optimal,Agg1    , 402,      1.447200,      1.065265,      0.736087,     -0.595842,      0.999955
  2,  3,  30.0, 0,      0.000000,Optimal,Agg2    , 397,      1.429200,      1.089561,      0.762357,     -0.306660,      0.999807
  2,  3,  30.0, 0,      0.000000,Optimal,Agg3    , 417,      1.501200,      1.125478,      0.749719,     -0.413277,      0.999918
  2,  3,  60.0, 0,      0.000000,Optimal,Agg1    , 402,      1.447200,      0.263879,      0.182338,     -0.636851,      0.954393
  2,  3,  60.0, 0,      0.000000,Optimal,Agg2    , 397,      1.429200,      0.235230,      0.164589,     -0.637038,      0.932737
  2,  3,  60.0, 0,      0.000000,Optimal,Agg3    , 417,      1.501200,      0.257970,      0.171842,     -0.634052,      0.976971
  2,  3,  90.0, 0,      0.000000,Optimal,Agg1    , 402,      1.447200,     -0.100217,     -0.069249,     -0.621291,      0.970846
  2,  3,  90.0, 0,      0.000000,Optimal,Agg2    , 397,      1.429200,     -0.087660,     -0.061335,     -0.645183,      0.985106
  2,  3,  90.0, 0,      0.000000,Optimal,Agg3    , 417,      1.501200,     -0.115573,     -0.076987,     -0.633523,      0.969628
  2,  3, 120.0, 0,      0.000000,Optimal,Agg1    , 402,      1.447200,     -0.683782,     -0.472486,     -0.644190,      0.019349
  2,  3, 120.0, 0,      0.000000,Optimal,Agg2    , 397,      1.429200,     -0.667584,     -0.467103,     -0.632395,      0.086871
  2,  3, 120.0, 0,      0.000000,Optimal,Agg3    , 417,      1.501200,     -0.707221,     -0.471104,     -0.646937,      0.087519
  2,  3, 150.0, 0,      0.000000,Optimal,Agg1    , 402,      1.447200,     -0.794069,     -0.548693,     -0.645741,      0.000000
  2,  3, 150.0, 0,      0.000000,Optimal,Agg2    , 397,      1.429200,     -0.785008,     -0.549264,     -0.647964,      0.000000
  2,  3, 150.0, 0,      0.000000,Optimal,Agg3    , 417,      1.501200,     -0.828501,     -0.551893,     -0.649630,      0.000000
  2,  3, 180.0, 0,      0.000000,Optimal,Agg1    , 402,      1.447200,     -0.794050,     -0.548680,     -0.645730,      0.000041
  2,  3, 180.0, 0,      0.000000,Optimal,Agg2    , 397,      1.429200,     -0.784989,     -0.549251,     -0.647952,      0.000042
  2,  3, 180.0, 0,      0.000000,Optimal,Agg3    , 417,      1.501200,     -0.828482,     -0.551880,     -0.649619,      0.000042
  2,  3, 210.0, 0,      0.000000,Optimal,Agg1    , 402,      1.447200,     -0.772187,     -0.533573,     -0.645736,      0.103311
  2,  3, 210.0, 0,      0.000000,Optimal,Agg2    , 397,      1.429200,     -0.756950,     -0.529632,     -0.647957,      0.101077
  2,  3, 210.0, 0,      0.000000,Optimal,Agg3    , 417,      1.501200,     -0.801509,     -0.533912,     -0.649621,      0.007652
  2,  3, 240.0, 0,      0.000000,Optimal,Agg1    , 402,      1.447200,     -0.062735,     -0.043349,     -0.634708,      0.927906
  2,  3, 240.0, 0,      0.000000,Optimal,Agg2    , 397,      1.429200,     -0.026490,     -0.018535,     -0.637129,      0.981518
  2,  3, 240.0, 0,      0.000000,Optimal,Agg3    , 417,      1.501200,     -0.041365,     -0.027555,     -0.613590,      0.991998
  2,  3, 270.0, 0,      0.000000,Optimal,Agg1    , 402,      1.447200,      0.159186,      0.109996,     -0.619180,      0.999933
  2,  3, 270.0, 0,      0.000000,Optimal,Agg2    , 397,      1.429200,      0.192035,      0.134365,     -0.637150,      0.993632
  2,  3, 270.0, 0,      0.000000,Optimal,Agg3    , 417,      1.501200,      0.183257,      0.122073,     -0.635761,      0.990967
  2,  3, 300.0, 0,      0.000000,Optimal,Agg1    , 402,      1.447200,      0.588378,      0.406563,     -0.567820,      0.795479
  2,  3, 300.0, 0,      0.000000,Optimal,Agg2    , 397,      1.429200,      0.600325,      0.420043,     -0.048761,      0.793427
  2,  3, 300.0, 0,      0.000000,Optimal,Agg3    , 417,      1.501200,      0.624373,      0.415916,     -0.441699,      0.741341
  2,  3, 330.0, 0,      0.000000,Optimal,Agg1    , 402,      1.447200,      1.045451,      0.722396,      0.400319,      0.993232
  2,  3, 330.0, 0,      0.000000,Optimal,Agg2    , 397,      1.429200,      1.054305,      0.737689,      0.357086,      0.989287
  2,  3, 330.0, 0,      0.000000,Optimal,Agg3    , 417,      1.501200,      1.096562,      0.730457,      0.329233,      0.941464
  3,  4,   0.0, 0,      0.000000,Optimal,Agg1    , 402,      1.447200,      1.214150,      0.838965,      0.415300,      0.999991
  3,  4,   0.0, 0,      0.000000,Optimal,Agg2    , 397,      1.429200,      1.216008,      0.850832,     -0.039433,      0.999991
  3,  4,   0.0, 0,      0.000000,Optimal,Agg3    , 417,      1.501200,      1.264971,      0.842640,      0.143823,      0.999990
  3,  4,  30.0, 0,      0.000000,Optimal,Agg1    , 402,      1.447200,      1.067238,      0.737450,     -0.560416,      0.999924
  3,  4,  30.0, 0,      0.000000,Optimal,Agg2    , 397,      1.429200,      1.092014,      0.764074,     -0.113038,      0.999880
  3,  4,  30.0, 0,      0.000000,Optimal,Agg3    , 417,      1.501200,      1.130190,      0.752858,     -0.465277,      0.999744
  3,  4,  60.0, 0,      0.000000,Optimal,Agg1    , 402,      1.447200,      0.269573,      0.186272,     -0.623089,      0.959150
  3,  4,  60.0, 0,      0.000000,Optimal,Agg2    , 397,      1.429200,      0.248115,      0.173604,     -0.627406,      0.930650
  3,  4,  60.0, 0,      0.000000,Optimal,Agg3    , 417,      1.501200,      0.255532,      0.170219,     -0.618962,      0.973497
  3,  4,  90.0, 0,      0.000000,Optimal,Agg1    , 402,      1.447200,     -0.098593,     -0.068126,     -0.587674,      0.920592
  3,  4,  90.0, 0,      0.000000,Optimal,Agg2    , 397,      1.429200,     -0.084621,     -0.059209,     -0.603165,      0.940262
  3,  4,  90.0, 0,      0.000000,Optimal,Agg3    , 417,      1.501200,     -0.114574,     -0.076321,     -0.587114,      0.934245
  3,  4, 120.0, 0,      0.000000,Optimal,Agg1    , 402,      1.447200,     -0.666405,     -0.460479,     -0.624921,      0.040388
  3,  4, 120.0, 0,      0.000000,Optimal,Agg2    , 397,      1.429200,     -0.649579,     -0.454505,     -0.616587,      0.065103
  3,  4, 120.0, 0,      0.000000,Optimal,Agg3    , 417,      1.501200,     -0.687336,     -0.457858,     -0.639912,      0.065483
  3,  4, 150.0, 0,      0.000000,Optimal,Agg1    , 402,      1.447200,     -0.738135,     -0.510043,     -0.636577,      0.000000
  3,  4, 150.0, 0,      0.000000,Optimal,Agg2    , 397,      1.429200,     -0.726119,     -0.508060,     -0.639912,      0.000000
  3,  4, 150.0, 0,      0.000000,Optimal,Agg3    , 417,      1.501200,     -0.770452,     -0.513224,     -0.639914,      0.000000
  3,  4, 180.0, 0,      0.000000,Optimal,Agg1    , 402,      1.447200,     -0.738112,     -0.510028,     -0.636565,      0.000040
  3,  4, 180.0, 0,      0.000000,Optimal,Agg2    , 397,      1.429200,     -0.726097,     -0.508045,     -0.639898,      0.000040
  3,  4, 180.0, 0,      0.000000,Optimal,Agg3    , 417,      1.501200,     -0.770430,     -0.513209,     -0.639898,      0.000040
  3,  4, 210.0, 0,      0.000000,Optimal,Agg1    , 402,      1.447200,     -0.718889,     -0.496745,     -0.636575,      0.000065
  3,  4, 210.0, 0,      0.000000,Optimal,Agg2    , 397,      1.429200,     -0.701056,     -0.490523,     -0.639908,      0.000044
  3,  4, 210.0, 0,      0.000000,Optimal,Agg3    , 417,      1.501200,     -0.745813,     -0.496811,     -0.636575,      0.004326
  3,  4, 240.0, 0,      0.000000,Optimal,Agg1    , 402,      1.447200,     -0.048682,     -0.033639,     -0.623753,      0.937699
  3,  4, 240.0, 0,      0.000000,Optimal,Agg2    , 397,      1.429200,     -0.010040,     -0.007025,     -0.623884,      0.980391
  3,  4, 240.0, 0,      0.000000,Optimal,Agg3    , 417,      1.501200,     -0.031213,     -0.020792,     -0.596174,      0.994237
  3,  4, 270.0, 0,      0.000000,Optimal,Agg1    , 402,      1.447200,      0.163693,      0.113110,     -0.586968,      0.999908
  3,  4, 270.0, 0,      0.000000,Optimal,Agg2    , 397,      1.429200,      0.197466,      0.138165,     -0.623452,      0.976578
  3,  4, 270.0, 0,      0.000000,Optimal,Agg3    , 417,      1.501200,      0.185203,      0.123370,     -0.621304,      0.983420
  3,  4, 300.0, 0,      0.000000,Optimal,Agg1    , 402,      1.447200,      0.589046,      0.407025,     -0.077698,      0.708024
  3,  4, 300.0, 0,      0.000000,Optimal,Agg2    , 397,      1.429200,      0.601597,      0.420933,     -0.052095,      0.738464
  3,  4, 300.0, 0,      0.000000,Optimal,Agg3    , 417,      1.501200,      0.629812,      0.419539,     -0.042790,      0.734188
  3,  4, 330.0, 0,      0.000000,Optimal,Agg1    , 402,      1.447200,      1.047352,      0.723709,      0.374151,      0.961334
  3,  4, 330.0, 0,      0.000000,Optimal,Agg2    , 397,      1.429200,      1.056570,      0.739274,      0.353538,      0.961533
  3,  4, 330.0, 0,      0.000000,Optimal,Agg3    , 417,      1.501200,      1.099298,      0.732279,      0.319958,      0.935547
  4,  5,   0.0, 0,      0.000000,Optimal,Agg1    , 402,      1.447200,      1.223155,      0.845187,      0.427147,      0.999997
  4,  5,   0.0, 0,      0.000000,Optimal,Agg2    , 397,      1.429200,      1.220454,      0.853942,     -0.306812,      0.999997
  4,  5,   0.0, 0,      0.000000,Optimal,Agg3    , 417,      1.501200,      1.273004,      0.847991,     -0.190126,      0.999997
  4,  5,  30.0, 0,      0.000000,Optimal,Agg1    , 402,      1.447200,      1.074083,      0.742180,     -0.532531,      0.999926
  4,  5,  30.0, 0,      0.000000,Optimal,Agg2    , 397,      1.429200,      1.101609,      0.770787,     -0.244665,      0.999937
  4,  5,  30.0, 0,      0.000000,Optimal,Agg3    , 417,      1.501200,      1.133913,      0.755338,     -0.407860,      0.999840
  4,  5,  60.0, 0,      0.000000,Optimal,Agg1    , 402,      1.447200,      0.272216,      0.188098,     -0.609109,      0.952344
  4,  5,  60.0, 0,      0.000000,Optimal,Agg2    , 397,      1.429200,      0.260322,      0.182145,     -0.580132,      0.928935
  4,  5,  60.0, 0,      0.000000,Optimal,Agg3    , 417,      1.501200,      0.269639,      0.179616,     -0.604018,      0.972928
  4,  5,  90.0, 0,      0.000000,Optimal,Agg1    , 402,      1.447200,     -0.090036,     -0.062214,     -0.563845,      0.785436
  4,  5,  90.0, 0,      0.000000,Optimal,Agg2    , 397,      1.429200,     -0.074520,     -0.052141,     -0.578519,      0.857355
  4,  5,  90.0, 0,      0.000000,Optimal,Agg3    , 417,      1.501200,     -0.103110,     -0.068685,     -0.568238,      0.811769
  4,  5, 120.0, 0,      0.000000,Optimal,Agg1    , 402,      1.447200,     -0.644320,     -0.445218,     -0.611853,      0.033856
  4,  5, 120.0, 0,      0.000000,Optimal,Agg2    , 397,      1.429200,     -0.629968,     -0.440784,     -0.606219,      0.035182
  4,  5, 120.0, 0,      0.000000,Optimal,Agg3    , 417,      1.501200,     -0.661110,     -0.440388,     -0.631810,      0.034644
  4,  5, 150.0, 0,      0.000000,Optimal,Agg1    , 402,      1.447200,     -0.684713,     -0.473129,     -0.625190,      0.000000
  4,  5, 150.0, 0,      0.000000,Optimal,Agg2    , 397,      1.429200,     -0.674681,     -0.472069,     -0.631857,      0.000000
  4,  5, 150.0, 0,      0.000000,Optimal,Agg3    , 417,      1.501200,     -0.714853,     -0.476188,     -0.631858,      0.000000
  4,  5, 180.0, 0,      0.000000,Optimal,Agg1    , 402,      1.447200,     -0.684696,     -0.473118,     -0.625179,      0.000034
  4,  5, 180.0, 0,      0.000000,Optimal,Agg2    , 397,      1.429200,     -0.674664,     -0.472057,     -0.631846,      0.000034
  4,  5, 180.0, 0,      0.000000,Optimal,Agg3    , 417,      1.501200,     -0.714836,     -0.476177,     -0.631846,      0.000034
  4,  5, 210.0, 0,      0.000000,Optimal,Agg1    , 402,      1.447200,     -0.668018,     -0.461593,     -0.625193,      0.000044
  4,  5, 210.0, 0,      0.000000,Optimal,Agg2    , 397,      1.429200,     -0.651113,     -0.455579,     -0.631857,      0.003400
  4,  5, 210.0, 0,      0.000000,Optimal,Agg3    , 417,      1.501200,     -0.691998,     -0.460963,     -0.620746,      0.000100
  4,  5, 240.0, 0,      0.000000,Optimal,Agg1    , 402,      1.447200,     -0.036373,     -0.025134,     -0.610946,      0.958251
  4,  5, 240.0, 0,      0.000000,Optimal,Agg2    , 397,      1.429200,      0.008273,      0.005789,     -0.606260,      0.983259
  4,  5, 240.0, 0,      0.000000,Optimal,Agg3    , 417,      1.501200,     -0.023028,     -0.015340,     -0.593756,      0.990681
  4,  5, 270.0, 0,      0.000000,Optimal,Agg1    , 402,      1.447200,      0.172430,      0.119147,     -0.568649,      0.999942
  4,  5, 270.0, 0,      0.000000,Optimal,Agg2    , 397,      1.429200,      0.207365,      0.145092,     -0.587494,      0.976819
  4,  5, 270.0, 0,      0.000000,Optimal,Agg3    , 417,      1.501200,      0.193846,      0.129128,     -0.607788,      0.980788
  4,  5, 300.0, 0,      0.000000,Optimal,Agg1    , 402,      1.447200,      0.595444,      0.411445,     -0.071931,      0.708122
  4,  5, 300.0, 0,      0.000000,Optimal,Agg2    , 397,      1.429200,      0.604653,      0.423071,     -0.036583,      0.715698
  4,  5, 300.0, 0,      0.000000,Optimal,Agg3    , 417,      1.501200,      0.636243,      0.423823,     -0.021133,      0.735802
  4,  5, 330.0, 0,      0.000000,Optimal,Agg1    , 402,      1.447200,      1.055444,      0.729301,      0.445710,      0.979045
  4,  5, 330.0, 0,      0.000000,Optimal,Agg2    , 397,      1.429200,      1.061135,      0.742468,      0.048966,      0.979228
  4,  5, 330.0, 0,      0.000000,Optimal,Agg3    , 417,      1.501200,      1.105986,      0.736734,      0.055029,      0.940814
  5,  6,   0.0, 0,      0.000000,Optimal,Agg1    , 402,      1.447200,      1.223002,      0.845081,      0.423528,      0.999996
  5,  6,   0.0, 0,      0.000000,Optimal,Agg2    , 397,      1.429200,      1.223161,      0.855836,     -0.001802,      0.999996
  5,  6,   0.0, 0,      0.000000,Optimal,Agg3    , 417,      1.501200,      1.274041,      0.848682,      0.166911,      0.999996
  5,  6,  30.0, 0,      0.000000,Optimal,Agg1    , 402,      1.447200,      1.076991,      0.744190,     -0.470447,      0.999955
  5,  6,  30.0, 0,      0.000000,Optimal,Agg2    , 397,      1.429200,      1.098765,      0.768798,     -0.195013,      0.999879
  5,  6,  30.0, 0,      0.000000,Optimal,Agg3    , 417,      1.501200,      1.134019,      0.755408,     -0.420267,      0.999940
  5,  6,  60.0, 0,      0.000000,Optimal,Agg1    , 402,      1.447200,      0.274282,      0.189526,     -0.593306,      0.948280
  5,  6,  60.0, 0,      0.000000,Optimal,Agg2    , 397,      1.429200,      0.260897,      0.182547,     -0.571628,      0.924269
  5,  6,  60.0, 0,      0.000000,Optimal,Agg3    , 417,      1.501200,      0.275033,      0.183209,     -0.588466,      0.966062
  5,  6,  90.0, 0,      0.000000,Optimal,Agg1    , 402,      1.447200,     -0.086087,     -0.059485,     -0.540167,      0.915772
  5,  6,  90.0, 0,      0.000000,Optimal,Agg2    , 397,      1.429200,     -0.073676,     -0.051551,     -0.569183,      0.975636
  5,  6,  90.0, 0,      0.000000,Optimal,Agg3    , 417,      1.501200,     -0.099148,     -0.066046,     -0.583073,      0.926379
  5,  6, 120.0, 0,      0.000000,Optimal,Agg1    , 402,      1.447200,     -0.615146,     -0.425060,     -0.614725,      0.001114
  5,  6, 120.0, 0,      0.000000,Optimal,Agg2    , 397,      1.429200,     -0.601992,     -0.421209,     -0.623060,      0.001115
  5,  6, 120.0, 0,      0.000000,Optimal,Agg3    , 417,      1.501200,     -0.630957,     -0.420302,     -0.623736,      0.001114
  5,  6, 150.0, 0,      0.000000,Optimal,Agg1    , 402,      1.447200,     -0.636437,     -0.439771,     -0.615456,      0.000034
  5,  6, 150.0, 0,      0.000000,Optimal,Agg2    , 397,      1.429200,     -0.627188,     -0.438838,     -0.623790,      0.000035
  5,  6, 150.0, 0,      0.000000,Optimal,Agg3    , 417,      1.501200,     -0.664888,     -0.442904,     -0.623793,      0.000042
  5,  6, 180.0, 0,      0.000000,Optimal,Agg1    , 402,      1.447200,     -0.636447,     -0.439778,     -0.615463,      0.000000
  5,  6, 180.0, 0,      0.000000,Optimal,Agg2    , 397,      1.429200,     -0.627198,     -0.438845,     -0.623796,      0.000000
  5,  6, 180.0, 0,      0.000000,Optimal,Agg3    , 417,      1.501200,     -0.664898,     -0.442911,     -0.623796,      0.000000
  5,  6, 210.0, 0,      0.000000,Optimal,Agg1    , 402,      1.447200,     -0.622784,     -0.430337,     -0.615426,      0.001630
  5,  6, 210.0, 0,      0.000000,Optimal,Agg2    , 397,      1.429200,     -0.607961,     -0.425386,     -0.623737,      0.000271
  5,  6, 210.0, 0,      0.000000,Optimal,Agg3    , 417,      1.501200,     -0.646533,     -0.430678,     -0.609857,      0.012222
  5,  6, 240.0, 0,      0.000000,Optimal,Agg1    , 402,      1.447200,     -0.022732,     -0.015708,     -0.597890,      0.952883
  5,  6, 240.0, 0,      0.000000,Optimal,Agg2    , 397,      1.429200,      0.016626,      0.011633,     -0.595376,      0.989404
  5,  6, 240.0, 0,      0.000000,Optimal,Agg3    , 417,      1.501200,     -0.011121,     -0.007408,     -0.594144,      0.996081
  5,  6, 270.0, 0,      0.000000,Optimal,Agg1    , 402,      1.447200,      0.177221,      0.122458,     -0.554733,      0.999914
  5,  6, 270.0, 0,      0.000000,Optimal,Agg2    , 397,      1.429200,      0.207028,      0.144856,     -0.573827,      0.981309
  5,  6, 270.0, 0,      0.000000,Optimal,Agg3    , 417,      1.501200,      0.198099,      0.131960,     -0.593277,      0.985120
  5,  6, 300.0, 0,      0.000000,Optimal,Agg1    , 402,      1.447200,      0.595983,      0.411818,     -0.080938,      0.705827
  5,  6, 300.0, 0,      0.000000,Optimal,Agg2    , 397,      1.429200,      0.607255,      0.424892,     -0.041970,      0.716214
  5,  6, 300.0, 0,      0.000000,Optimal,Agg3    , 417,      1.501200,      0.637947,      0.424958,     -0.018711,      0.731583
  5,  6, 330.0, 0,      0.000000,Optimal,Agg1    , 402,      1.447200,      1.055535,      0.729364,      0.391711,      0.972798
  5,  6, 330.0, 0,      0.000000,Optimal,Agg2    , 397,      1.429200,      1.063181,      0.743900,      0.380783,      0.974889
  5,  6, 330.0, 0,      0.000000,Optimal,Agg3    , 417,      1.501200,      1.107193,      0.737539,      0.355087,      0.937621
  6,  7,   0.0, 0,      0.000000,Optimal,Agg1    , 402,      1.447200,      1.222729,      0.844893,      0.422439,      0.999997
  6,  7,   0.0, 0,      0.000000,Optimal,Agg2    , 397,      1.429200,      1.222265,      0.855209,     -0.038898,      0.999997
  6,  7,   0.0, 0,      0.000000,Optimal,Agg3    , 417,      1.501200,      1.273953,      0.848623,      0.040847,      0.999997
  6,  7,  30.0, 0,      0.000000,Optimal,Agg1    , 402,      1.447200,      1.077708,      0.744685,     -0.483466,      0.999977
  6,  7,  30.0, 0,      0.000000,Optimal,Agg2    , 397,      1.429200,      1.100866,      0.770267,     -0.158376,      0.999910
  6,  7,  30.0, 0,      0.000000,Optimal,Agg3    , 417,      1.501200,      1.136203,      0.756863,     -0.431598,      0.999856
  6,  7,  60.0, 0,      0.000000,Optimal,Agg1    , 402,      1.447200,      0.274886,      0.189944,     -0.580585,      0.945599
  6,  7,  60.0, 0,      0.000000,Optimal,Agg2    , 397,      1.429200,      0.254205,      0.177865,     -0.559243,      0.918883
  6,  7,  60.0, 0,      0.000000,Optimal,Agg3    , 417,      1.501200,      0.274778,      0.183039,     -0.574956,      0.962156
  6,  7,  90.0, 0,      0.000000,Optimal,Agg1    , 402,      1.447200,     -0.088235,     -0.060969,     -0.526309,      0.967293
  6,  7,  90.0, 0,      0.000000,Optimal,Agg2    , 397,      1.429200,     -0.074297,     -0.051985,     -0.559770,      0.967552
  6,  7,  90.0, 0,      0.000000,Optimal,Agg3    , 417,      1.501200,     -0.097211,     -0.064756,     -0.584019,      0.966681
  6,  7, 120.0, 0,      0.000000,Optimal,Agg1    , 402,      1.447200,     -0.574644,     -0.397073,     -0.605498,      0.010448
  6,  7, 120.0, 0,      0.000000,Optimal,Agg2    , 397,      1.429200,     -0.557375,     -0.389991,     -0.615499,      0.009784
  6,  7, 120.0, 0,      0.000000,Optimal,Agg3    , 417,      1.501200,     -0.588606,     -0.392091,     -0.615659,      0.014165
  6,  7, 150.0, 0,      0.000000,Optimal,Agg1    , 402,      1.447200,     -0.591595,     -0.408786,     -0.605732,      0.000038
  6,  7, 150.0, 0,      0.000000,Optimal,Agg2    , 397,      1.429200,     -0.578492,     -0.404767,     -0.615732,      0.000038
  6,  7, 150.0, 0,      0.000000,Optimal,Agg3    , 417,      1.501200,     -0.616721,     -0.410819,     -0.615735,      0.000048
  6,  7, 180.0, 0,      0.000000,Optimal,Agg1    , 402,      1.447200,     -0.591588,     -0.408781,     -0.605729,      0.000043
  6,  7, 180.0, 0,      0.000000,Optimal,Agg2    , 397,      1.429200,     -0.578486,     -0.404762,     -0.615729,      0.000043
  6,  7, 180.0, 0,      0.000000,Optimal,Agg3    , 417,      1.501200,     -0.616715,     -0.410815,     -0.615728,      0.000043
  6,  7, 210.0, 0,      0.000000,Optimal,Agg1    , 402,      1.447200,     -0.580278,     -0.400966,     -0.605736,      0.000103
  6,  7, 210.0, 0,      0.000000,Optimal,Agg2    , 397,      1.429200,     -0.560770,     -0.392366,     -0.615726,      0.014203
  6,  7, 210.0, 0,      0.000000,Optimal,Agg3    , 417,      1.501200,     -0.600201,     -0.399814,     -0.615615,      0.000277
  6,  7, 240.0, 0,      0.000000,Optimal,Agg1    , 402,      1.447200,     -0.015155,     -0.010472,     -0.585354,      0.946871
  6,  7, 240.0, 0,      0.000000,Optimal,Agg2    , 397,      1.429200,      0.024199,      0.016932,     -0.582155,      0.958620
  6,  7, 240.0, 0,      0.000000,Optimal,Agg3    , 417,      1.501200,     -0.005910,     -0.003937,     -0.583707,      0.992847
  6,  7, 270.0, 0,      0.000000,Optimal,Agg1    , 402,      1.447200,      0.174964,      0.120898,     -0.533986,      0.999873
  6,  7, 270.0, 0,      0.000000,Optimal,Agg2    , 397,      1.429200,      0.207277,      0.145030,     -0.560710,      0.976106
  6,  7, 270.0, 0,      0.000000,Optimal,Agg3    , 417,      1.501200,      0.195415,      0.130173,     -0.579882,      0.981290
  6,  7, 300.0, 0,      0.000000,Optimal,Agg1    , 402,      1.447200,      0.594728,      0.410951,     -0.073957,      0.799484
  6,  7, 300.0, 0,      0.000000,Optimal,Agg2    , 397,      1.429200,      0.607848,      0.425306,     -0.019341,      0.894708
  6,  7, 300.0, 0,      0.000000,Optimal,Agg3    , 417,      1.501200,      0.636553,      0.424029,     -0.016220,      0.861601
  6,  7, 330.0, 0,      0.000000,Optimal,Agg1    , 402,      1.447200,      1.055472,      0.729320,      0.441467,      0.990696
  6,  7, 330.0, 0,      0.000000,Optimal,Agg2    , 397,      1.429200,      1.062481,      0.743409,      0.235110,      0.992119
  6,  7, 330.0, 0,      0.000000,Optimal,Agg3    , 417,      1.501200,      1.107314,      0.737619,      0.219990,      0.939073
  7,  8,   0.0, 0,      0.000000,Optimal,Agg1    , 402,      1.447200,      1.224283,      0.845966,      0.412350,      0.999999
  7,  8,   0.0, 0,      0.000000,Optimal,Agg2    , 397,      1.429200,      1.220257,      0.853805,     -0.218709,      0.999998
  7,  8,   0.0, 0,      0.000000,Optimal,Agg3    , 417,      1.501200,      1.272556,      0.847693,     -0.187268,      0.999998
  7,  8,  30.0, 0,      0.000000,Optimal,Agg1    , 402,      1.447200,      1.075602,      0.743230,     -0.476522,      0.999912
  7,  8,  30.0, 0,      0.000000,Optimal,Agg2    , 397,      1.429200,      1.099983,      0.769650,     -0.254801,      0.999972
  7,  8,  30.0, 0,      0.000000,Optimal,Agg3    , 417,      1.501200,      1.134799,      0.755928,     -0.409569,      0.999940
  7,  8,  60.0, 0,      0.000000,Optimal,Agg1    , 402,      1.447200,      0.272857,      0.188541,     -0.567813,      0.941005
  7,  8,  60.0, 0,      0.000000,Optimal,Agg2    , 397,      1.429200,      0.254405,      0.178005,     -0.557033,      0.913711
  7,  8,  60.0, 0,      0.000000,Optimal,Agg3    , 417,      1.501200,      0.271555,      0.180892,     -0.572806,      0.957291
  7,  8,  90.0, 0,      0.000000,Optimal,Agg1    , 402,      1.447200,     -0.087539,     -0.060488,     -0.492576,      0.582148
  7,  8,  90.0, 0,      0.000000,Optimal,Agg2    , 397,      1.429200,     -0.071130,     -0.049769,     -0.550265,      0.818384
  7,  8,  90.0, 0,      0.000000,Optimal,Agg3    , 417,      1.501200,     -0.096011,     -0.063956,     -0.552875,      0.628036
  7,  8, 120.0, 0,      0.000000,Optimal,Agg1    , 402,      1.447200,     -0.529814,     -0.366096,     -0.595860,      0.049798
  7,  8, 120.0, 0,      0.000000,Optimal,Agg2    , 397,      1.429200,     -0.513781,     -0.359488,     -0.607528,      0.049431
  7,  8, 120.0, 0,      0.000000,Optimal,Agg3    , 417,      1.501200,     -0.545392,     -0.363304,     -0.607607,      0.050127
  7,  8, 150.0, 0,      0.000000,Optimal,Agg1    , 402,      1.447200,     -0.543566,     -0.375598,     -0.596012,      0.000034
  7,  8, 150.0, 0,      0.000000,Optimal,Agg2    , 397,      1.429200,     -0.532512,     -0.372595,     -0.607679,      0.000044
  7,  8, 150.0, 0,      0.000000,Optimal,Agg3    , 417,      1.501200,     -0.569470,     -0.379343,     -0.607681,      0.000044
  7,  8, 180.0, 0,      0.000000,Optimal,Agg1    , 402,      1.447200,     -0.543567,     -0.375599,     -0.596014,      0.000032
  7,  8, 180.0, 0,      0.000000,Optimal,Agg2    , 397,      1.429200,     -0.532514,     -0.372596,     -0.607681,      0.000032
  7,  8, 180.0, 0,      0.000000,Optimal,Agg3    , 417,      1.501200,     -0.569472,     -0.379345,     -0.607681,      0.000032
  7,  8, 210.0, 0,      0.000000,Optimal,Agg1    , 402,      1.447200,     -0.533752,     -0.368817,     -0.596003,      0.034985
  7,  8, 210.0, 0,      0.000000,Optimal,Agg2    , 397,      1.429200,     -0.516671,     -0.361510,     -0.607654,      0.032067
  7,  8, 210.0, 0,      0.000000,Optimal,Agg3    , 417,      1.501200,     -0.556279,     -0.370556,     -0.607526,      0.000346
  7,  8, 240.0, 0,      0.000000,Optimal,Agg1    , 402,      1.447200,     -0.008429,     -0.005825,     -0.572210,      0.945810
  7,  8, 240.0, 0,      0.000000,Optimal,Agg2    , 397,      1.429200,      0.027203,      0.019033,     -0.568583,      0.982543
  7,  8, 240.0, 0,      0.000000,Optimal,Agg3    , 417,      1.501200,      0.002569,      0.001711,     -0.570202,      0.993331
  7,  8, 270.0, 0,      0.000000,Optimal,Agg1    , 402,      1.447200,      0.172031,      0.118872,     -0.508595,      0.999934
  7,  8, 270.0, 0,      0.000000,Optimal,Agg2    , 397,      1.429200,      0.205849,      0.144031,     -0.543842,      0.992814
  7,  8, 270.0, 0,      0.000000,Optimal,Agg3    , 417,      1.501200,      0.198899,      0.132493,     -0.566451,      0.995332
  7,  8, 300.0, 0,      0.000000,Optimal,Agg1    , 402,      1.447200,      0.595501,      0.411485,     -0.071135,      0.707029
  7,  8, 300.0, 0,      0.000000,Optimal,Agg2    , 397,      1.429200,      0.605070,      0.423363,     -0.007683,      0.715130
  7,  8, 300.0, 0,      0.000000,Optimal,Agg3    , 417,      1.501200,      0.636758,      0.424166,     -0.016799,      0.735030
  7,  8, 330.0, 0,      0.000000,Optimal,Agg1    , 402,      1.447200,      1.055856,      0.729585,      0.422235,      0.949750
  7,  8, 330.0, 0,      0.000000,Optimal,Agg2    , 397,      1.429200,      1.060600,      0.742093,      0.159665,      0.948084
  7,  8, 330.0, 0,      0.000000,Optimal,Agg3    , 417,      1.501200,      1.105837,      0.736636,      0.150187,      0.937570
  8,  9,   0.0, 0,      0.000000,Optimal,Agg1    , 402,      1.447200,      1.237427,      0.855049,      0.437837,      0.999999
  8,  9,   0.0, 0,      0.000000,Optimal,Agg2    , 397,      1.429200,      1.233635,      0.863165,     -0.097800,      0.999999
  8,  9,   0.0, 0,      0.000000,Optimal,Agg3    , 417,      1.501200,      1.286553,      0.857016,     -0.127327,      0.999999
  8,  9,  30.0, 0,      0.000000,Optimal,Agg1    , 402,      1.447200,      1.088606,      0.752215,     -0.355430,      0.999968
  8,  9,  30.0, 0,      0.000000,Optimal,Agg2    , 397,      1.429200,      1.109366,      0.776214,     -0.244234,      0.999977
  8,  9,  30.0, 0,      0.000000,Optimal,Agg3    , 417,      1.501200,      1.150622,      0.766468,     -0.363486,      0.999861
  8,  9,  60.0, 0,      0.000000,Optimal,Agg1    , 402,      1.447200,      0.294285,      0.203348,     -0.554491,      0.942393
  8,  9,  60.0, 0,      0.000000,Optimal,Agg2    , 397,      1.429200,      0.270567,      0.189314,     -0.542289,      0.924658
  8,  9,  60.0, 0,      0.000000,Optimal,Agg3    , 417,      1.501200,      0.291734,      0.194334,     -0.563680,      0.958221
  8,  9,  90.0, 0,      0.000000,Optimal,Agg1    , 402,      1.447200,     -0.072886,     -0.050364,     -0.477408,      0.589339
  8,  9,  90.0, 0,      0.000000,Optimal,Agg2    , 397,      1.429200,     -0.060291,     -0.042185,     -0.500604,      0.607370
  8,  9,  90.0, 0,      0.000000,Optimal,Agg3    , 417,      1.501200,     -0.081383,     -0.054212,     -0.537855,      0.640909
  8,  9, 120.0, 0,      0.000000,Optimal,Agg1    , 402,      1.447200,     -0.484202,     -0.334578,     -0.587140,      0.104769
  8,  9, 120.0, 0,      0.000000,Optimal,Agg2    , 397,      1.429200,     -0.466886,     -0.326676,     -0.600236,      0.105775
  8,  9, 120.0, 0,      0.000000,Optimal,Agg3    , 417,      1.501200,     -0.502661,     -0.334840,     -0.600527,      0.106855
  8,  9, 150.0, 0,      0.000000,Optimal,Agg1    , 402,      1.447200,     -0.496735,     -0.343239,     -0.587258,      0.000000
  8,  9, 150.0, 0,      0.000000,Optimal,Agg2    , 397,      1.429200,     -0.484193,     -0.338786,     -0.600352,      0.000000
  8,  9, 150.0, 0,      0.000000,Optimal,Agg3    , 417,      1.501200,     -0.524580,     -0.349441,     -0.600592,      0.000000
  8,  9, 180.0, 0,      0.000000,Optimal,Agg1    , 402,      1.447200,     -0.496719,     -0.343228,     -0.587248,      0.000030
  8,  9, 180.0, 0,      0.000000,Optimal,Agg2    , 397,      1.429200,     -0.484176,     -0.338774,     -0.600343,      0.000030
  8,  9, 180.0, 0,      0.000000,Optimal,Agg3    , 417,      1.501200,     -0.524564,     -0.349430,     -0.600581,      0.000030
  8,  9, 210.0, 0,      0.000000,Optimal,Agg1    , 402,      1.447200,     -0.488816,     -0.337767,     -0.587217,      0.000278
  8,  9, 210.0, 0,      0.000000,Optimal,Agg2    , 397,      1.429200,     -0.469109,     -0.328232,     -0.600288,      0.020713
  8,  9, 210.0, 0,      0.000000,Optimal,Agg3    , 417,      1.501200,     -0.513130,     -0.341813,     -0.600319,      0.000552
  8,  9, 240.0, 0,      0.000000,Optimal,Agg1    , 402,      1.447200,      0.016254,      0.011231,     -0.559752,      0.953838
  8,  9, 240.0, 0,      0.000000,Optimal,Agg2    , 397,      1.429200,      0.057657,      0.040342,     -0.555948,      0.987441
  8,  9, 240.0, 0,      0.000000,Optimal,Agg3    , 417,      1.501200,      0.030140,      0.020077,     -0.558137,      0.994535
  8,  9, 270.0, 0,      0.000000,Optimal,Agg1    , 402,      1.447200,      0.192268,      0.132855,     -0.495937,      0.999904
  8,  9, 270.0, 0,      0.000000,Optimal,Agg2    , 397,      1.429200,      0.223421,      0.156326,     -0.512305,      0.980799
  8,  9, 270.0, 0,      0.000000,Optimal,Agg3    , 417,      1.501200,      0.214475,      0.142869,     -0.553415,      0.989611
  8,  9, 300.0, 0,      0.000000,Optimal,Agg1    , 402,      1.447200,      0.607654,      0.419882,     -0.061909,      0.835790
  8,  9, 300.0, 0,      0.000000,Optimal,Agg2    , 397,      1.429200,      0.616267,      0.431197,      0.010986,      0.791472
  8,  9, 300.0, 0,      0.000000,Optimal,Agg3    , 417,      1.501200,      0.647942,      0.431616,      0.003102,      0.833781
  8,  9, 330.0, 0,      0.000000,Optimal,Agg1    , 402,      1.447200,      1.072155,      0.740848,      0.408715,      0.962770
  8,  9, 330.0, 0,      0.000000,Optimal,Agg2    , 397,      1.429200,      1.076452,      0.753185,      0.282299,      0.962952
  8,  9, 330.0, 0,      0.000000,Optimal,Agg3    , 417,      1.501200,      1.123686,      0.748525,      0.264489,      0.958653
  9, 10,   0.0, 0,      0.000000,Optimal,Agg1    , 402,      1.447200,      1.266770,      0.875325,      0.495831,      0.999998
  9, 10,   0.0, 0,      0.000000,Optimal,Agg2    , 397,      1.429200,      1.260860,      0.882214,      0.359204,      0.999998
  9, 10,   0.0, 0,      0.000000,Optimal,Agg3    , 417,      1.501200,      1.319423,      0.878912,      0.094581,      0.999998
  9, 10,  30.0, 0,      0.000000,Optimal,Agg1    , 402,      1.447200,      1.123109,      0.776056,     -0.237239,      0.999967
  9, 10,  30.0, 0,      0.000000,Optimal,Agg2    , 397,      1.429200,      1.133392,      0.793026,     -0.138903,      0.999936
  9, 10,  30.0, 0,      0.000000,Optimal,Agg3    , 417,      1.501200,      1.181434,      0.786993,     -0.285098,      0.999949
  9, 10,  60.0, 0,      0.000000,Optimal,Agg1    , 402,      1.447200,      0.333611,      0.230522,     -0.549849,      0.943940
  9, 10,  60.0, 0,      0.000000,Optimal,Agg2    , 397,      1.429200,      0.319335,      0.223436,     -0.535724,      0.936893
  9, 10,  60.0, 0,      0.000000,Optimal,Agg3    , 417,      1.501200,      0.335122,      0.223236,     -0.553797,      0.959212
  9, 10,  90.0, 0,      0.000000,Optimal,Agg1    , 402,      1.447200,     -0.043300,     -0.029920,     -0.459756,      0.608367
  9, 10,  90.0, 0,      0.000000,Optimal,Agg2    , 397,      1.429200,     -0.029390,     -0.020564,     -0.498486,      0.760297
  9, 10,  90.0, 0,      0.000000,Optimal,Agg3    , 417,      1.501200,     -0.052840,     -0.035199,     -0.533286,      0.691616
  9, 10, 120.0, 0,      0.000000,Optimal,Agg1    , 402,      1.447200,     -0.450882,     -0.311555,     -0.590809,      0.151814
  9, 10, 120.0, 0,      0.000000,Optimal,Agg2    , 397,      1.429200,     -0.434162,     -0.303780,     -0.602297,      0.152099
  9, 10, 120.0, 0,      0.000000,Optimal,Agg3    , 417,      1.501200,     -0.469880,     -0.313003,     -0.605713,      0.152369
  9, 10, 150.0, 0,      0.000000,Optimal,Agg1    , 402,      1.447200,     -0.466441,     -0.322306,     -0.590941,      0.000000
  9, 10, 150.0, 0,      0.000000,Optimal,Agg2    , 397,      1.429200,     -0.453925,     -0.317608,     -0.602427,      0.000000
  9, 10, 150.0, 0,      0.000000,Optimal,Agg3    , 417,      1.501200,     -0.494852,     -0.329638,     -0.605775,      0.000000
  9, 10, 180.0, 0,      0.000000,Optimal,Agg1    , 402,      1.447200,     -0.466436,     -0.322302,     -0.590937,      0.000000
  9, 10, 180.0, 0,      0.000000,Optimal,Agg2    , 397,      1.429200,     -0.453920,     -0.317604,     -0.602423,      0.000000
  9, 10, 180.0, 0,      0.000000,Optimal,Agg3    , 417,      1.501200,     -0.494847,     -0.329634,     -0.605771,      0.000000
  9, 10, 210.0, 0,      0.000000,Optimal,Agg1    , 402,      1.447200,     -0.457317,     -0.316001,     -0.590928,      0.035342
  9, 10, 210.0, 0,      0.000000,Optimal,Agg2    , 397,      1.429200,     -0.437811,     -0.306333,     -0.602402,      0.095613
  9, 10, 210.0, 0,      0.000000,Optimal,Agg3    , 417,      1.501200,     -0.481433,     -0.320699,     -0.581032,      0.000530
  9, 10, 240.0, 0,      0.000000,Optimal,Agg1    , 402,      1.447200,      0.060621,      0.041888,     -0.551727,      0.931290
  9, 10, 240.0, 0,      0.000000,Optimal,Agg2    , 397,      1.429200,      0.103700,      0.072558,     -0.555828,      0.990526
  9, 10, 240.0, 0,      0.000000,Optimal,Agg3    , 417,      1.501200,      0.072820,      0.048508,     -0.558372,      0.994378
  9, 10, 270.0, 0,      0.000000,Optimal,Agg1    , 402,      1.447200,      0.234639,      0.162133,     -0.470842,      0.999836
  9, 10, 270.0, 0,      0.000000,Optimal,Agg2    , 397,      1.429200,      0.264147,      0.184821,     -0.506899,      0.981430
  9, 10, 270.0, 0,      0.000000,Optimal,Agg3    , 417,      1.501200,      0.256984,      0.171186,     -0.551966,      0.976438
  9, 10, 300.0, 0,      0.000000,Optimal,Agg1    , 402,      1.447200,      0.637032,      0.440182,     -0.439982,      0.762681
  9, 10, 300.0, 0,      0.000000,Optimal,Agg2    , 397,      1.429200,      0.634855,      0.444203,     -0.110193,      0.687119
  9, 10, 300.0, 0,      0.000000,Optimal,Agg3    , 417,      1.501200,      0.672744,      0.448137,     -0.087487,      0.738592
  9, 10, 330.0, 0,      0.000000,Optimal,Agg1    , 402,      1.447200,      1.102986,      0.762151,     -0.229539,      0.973724
  9, 10, 330.0, 0,      0.000000,Optimal,Agg2    , 397,      1.429200,      1.097701,      0.768053,      0.194803,      0.973708
  9, 10, 330.0, 0,      0.000000,Optimal,Agg3    , 417,      1.501200,      1.149519,      0.765733,     -0.114465,      0.953916
 10, 11,   0.0, 0,      0.000000,Optimal,Agg1    , 402,      1.447200,      1.306052,      0.902468,      0.585720,      0.999996
 10, 11,   0.0, 0,      0.000000,Optimal,Agg2    , 397,      1.429200,      1.299108,      0.908975,      0.502854,      0.999996
 10, 11,   0.0, 0,      0.000000,Optimal,Agg3    , 417,      1.501200,      1.362071,      0.907321,      0.546144,      0.999996
 10, 11,  30.0, 0,      0.000000,Optimal,Agg1    , 402,      1.447200,      1.169027,      0.807786,     -0.346299,      0.999805
 10, 11,  30.0, 0,      0.000000,Optimal,Agg2    , 397,      1.429200,      1.170101,      0.818710,     -0.140034,      0.999387
 10, 11,  30.0, 0,      0.000000,Optimal,Agg3    , 417,      1.501200,      1.225697,      0.816478,     -0.186698,      0.999897
 10, 11,  60.0, 0,      0.000000,Optimal,Agg1    , 402,      1.447200,      0.400908,      0.277023,     -0.593445,      0.942009
 10, 11,  60.0, 0,      0.000000,Optimal,Agg2    , 397,      1.429200,      0.379031,      0.265205,     -0.557403,      0.926987
 10, 11,  60.0, 0,      0.000000,Optimal,Agg3    , 417,      1.501200,      0.396687,      0.264247,     -0.589998,      0.985106
 10, 11,  90.0, 0,      0.000000,Optimal,Agg1    , 402,      1.447200,     -0.001144,     -0.000790,     -0.501493,      0.730882
 10, 11,  90.0, 0,      0.000000,Optimal,Agg2    , 397,      1.429200,      0.006770,      0.004737,     -0.536492,      0.672342
 10, 11,  90.0, 0,      0.000000,Optimal,Agg3    , 417,      1.501200,     -0.015809,     -0.010531,     -0.452961,      0.695426
 10, 11, 120.0, 0,      0.000000,Optimal,Agg1    , 402,      1.447200,     -0.465864,     -0.321907,     -0.638965,      0.148303
 10, 11, 120.0, 0,      0.000000,Optimal,Agg2    , 397,      1.429200,     -0.448232,     -0.313625,     -0.637423,      0.147483
 10, 11, 120.0, 0,      0.000000,Optimal,Agg3    , 417,      1.501200,     -0.481861,     -0.320984,     -0.656619,      0.145914
 10, 11, 150.0, 0,      0.000000,Optimal,Agg1    , 402,      1.447200,     -0.487428,     -0.336808,     -0.640332,      0.000000
 10, 11, 150.0, 0,      0.000000,Optimal,Agg2    , 397,      1.429200,     -0.474163,     -0.331768,     -0.638782,      0.000000
 10, 11, 150.0, 0,      0.000000,Optimal,Agg3    , 417,      1.501200,     -0.514678,     -0.342844,     -0.656669,      0.000000
 10, 11, 180.0, 0,      0.000000,Optimal,Agg1    , 402,      1.447200,     -0.487418,     -0.336801,     -0.640327,      0.000030
 10, 11, 180.0, 0,      0.000000,Optimal,Agg2    , 397,      1.429200,     -0.474154,     -0.331762,     -0.638777,      0.000030
 10, 11, 180.0, 0,      0.000000,Optimal,Agg3    , 417,      1.501200,     -0.514668,     -0.342838,     -0.656661,      0.000030
 10, 11, 210.0, 0,      0.000000,Optimal,Agg1    , 402,      1.447200,     -0.474339,     -0.327763,     -0.640314,      0.067457
 10, 11, 210.0, 0,      0.000000,Optimal,Agg2    , 397,      1.429200,     -0.454008,     -0.317666,     -0.638749,      0.100789
 10, 11, 210.0, 0,      0.000000,Optimal,Agg3    , 417,      1.501200,     -0.495036,     -0.329760,     -0.629416,      0.046772
 10, 11, 240.0, 0,      0.000000,Optimal,Agg1    , 402,      1.447200,      0.113407,      0.078363,     -0.542940,      0.948502
 10, 11, 240.0, 0,      0.000000,Optimal,Agg2    , 397,      1.429200,      0.146429,      0.102455,     -0.601570,      0.993622
 10, 11, 240.0, 0,      0.000000,Optimal,Agg3    , 417,      1.501200,      0.123121,      0.082015,     -0.571322,      0.991621
 10, 11, 270.0, 0,      0.000000,Optimal,Agg1    , 402,      1.447200,      0.297754,      0.205745,     -0.503095,      0.999730
 10, 11, 270.0, 0,      0.000000,Optimal,Agg2    , 397,      1.429200,      0.319053,      0.223239,     -0.537491,      0.985289
 10, 11, 270.0, 0,      0.000000,Optimal,Agg3    , 417,      1.501200,      0.315058,      0.209871,     -0.598284,      0.966087
 10, 11, 300.0, 0,      0.000000,Optimal,Agg1    , 402,      1.447200,      0.674000,      0.465727,     -0.504471,      0.864932
 10, 11, 300.0, 0,      0.000000,Optimal,Agg2    , 397,      1.429200,      0.665604,      0.465718,     -0.100290,      0.686918
 10, 11, 300.0, 0,      0.000000,Optimal,Agg3    , 417,      1.501200,      0.708580,      0.472009,     -0.135625,      0.867695
 10, 11, 330.0, 0,      0.000000,Optimal,Agg1    , 402,      1.447200,      1.138050,      0.786381,     -0.143160,      0.973699
 10, 11, 330.0, 0,      0.000000,Optimal,Agg2    , 397,      1.429200,      1.130218,      0.790805,      0.035585,      0.951868
 10, 11, 330.0, 0,      0.000000,Optimal,Agg3    , 417,      1.501200,      1.186647,      0.790466,     -0.066415,      0.973739
 11, 12,   0.0, 0,      0.000000,Optimal,Agg1    , 402,      1.447200,      1.347775,      0.931298,      0.684971,      0.999996
 11, 12,   0.0, 0,      0.000000,Optimal,Agg2    , 397,      1.429200,      1.338494,      0.936534,      0.636825,      0.999996
 11, 12,   0.0, 0,      0.000000,Optimal,Agg3    , 417,      1.501200,      1.404627,      0.935669,      0.668432,      0.999996
 11, 12,  30.0, 0,      0.000000,Optimal,Agg1    , 402,      1.447200,      1.216657,      0.840698,      0.006122,      0.999970
 11, 12,  30.0, 0,      0.000000,Optimal,Agg2    , 397,      1.429200,      1.199427,      0.839230,     -0.524655,      0.999710
 11, 12,  30.0, 0,      0.000000,Optimal,Agg3    , 417,      1.501200,      1.271489,      0.846982,     -0.252067,      0.999903
 11, 12,  60.0, 0,      0.000000,Optimal,Agg1    , 402,      1.447200,      0.463749,      0.320446,     -0.655039,      0.943837
 11, 12,  60.0, 0,      0.000000,Optimal,Agg2    , 397,      1.429200,      0.445728,      0.311873,     -0.548257,      0.929224
 11, 12,  60.0, 0,      0.000000,Optimal,Agg3    , 417,      1.501200,      0.466093,      0.310481,     -0.691883,      0.965799
 11, 12,  90.0, 0,      0.000000,Optimal,Agg1    , 402,      1.447200,      0.040793,      0.028187,     -0.529496,      0.832482
 11, 12,  90.0, 0,      0.000000,Optimal,Agg2    , 397,      1.429200,      0.046860,      0.032788,     -0.548262,      0.820417
 11, 12,  90.0, 0,      0.000000,Optimal,Agg3    , 417,      1.501200,      0.025170,      0.016767,     -0.655234,      0.827909
 11, 12, 120.0, 0,      0.000000,Optimal,Agg1    , 402,      1.447200,     -0.468725,     -0.323884,     -0.687581,      0.179323
 11, 12, 120.0, 0,      0.000000,Optimal,Agg2    , 397,      1.429200,     -0.453561,     -0.317353,     -0.681340,      0.157068
 11, 12, 120.0, 0,      0.000000,Optimal,Agg3    , 417,      1.501200,     -0.481100,     -0.320477,     -0.764677,      0.124992
 11, 12, 150.0, 0,      0.000000,Optimal,Agg1    , 402,      1.447200,     -0.574505,     -0.396977,     -0.746921,      0.000000
 11, 12, 150.0, 0,      0.000000,Optimal,Agg2    , 397,      1.429200,     -0.556357,     -0.389279,     -0.718036,      0.000000
 11, 12, 150.0, 0,      0.000000,Optimal,Agg3    , 417,      1.501200,     -0.601717,     -0.400824,     -0.764759,      0.000000
 11, 12, 180.0, 0,      0.000000,Optimal,Agg1    , 402,      1.447200,     -0.574502,     -0.396975,     -0.746921,      0.000000
 11, 12, 180.0, 0,      0.000000,Optimal,Agg2    , 397,      1.429200,     -0.556354,     -0.389277,     -0.718036,      0.000000
 11, 12, 180.0, 0,      0.000000,Optimal,Agg3    , 417,      1.501200,     -0.601714,     -0.400822,     -0.764755,      0.000000
 11, 12, 210.0, 0,      0.000000,Optimal,Agg1    , 402,      1.447200,     -0.551092,     -0.380799,     -0.746890,      0.126001
 11, 12, 210.0, 0,      0.000000,Optimal,Agg2    , 397,      1.429200,     -0.530382,     -0.371104,     -0.717986,      0.103638
 11, 12, 210.0, 0,      0.000000,Optimal,Agg3    , 417,      1.501200,     -0.572278,     -0.381213,     -0.734990,      0.113571
 11, 12, 240.0, 0,      0.000000,Optimal,Agg1    , 402,      1.447200,      0.158365,      0.109429,     -0.555342,      0.938049
 11, 12, 240.0, 0,      0.000000,Optimal,Agg2    , 397,      1.429200,      0.186467,      0.130469,     -0.614695,      0.994084
 11, 12, 240.0, 0,      0.000000,Optimal,Agg3    , 417,      1.501200,      0.166603,      0.110980,     -0.673834,      0.986545
 11, 12, 270.0, 0,      0.000000,Optimal,Agg1    , 402,      1.447200,      0.355924,      0.245940,     -0.548382,      0.995403
 11, 12, 270.0, 0,      0.000000,Optimal,Agg2    , 397,      1.429200,      0.383052,      0.268018,     -0.640576,      0.969813
 11, 12, 270.0, 0,      0.000000,Optimal,Agg3    , 417,      1.501200,      0.378546,      0.252162,     -0.587303,      0.971179
 11, 12, 300.0, 0,      0.000000,Optimal,Agg1    , 402,      1.447200,      0.712758,      0.492508,     -0.245490,      0.831328
 11, 12, 300.0, 0,      0.000000,Optimal,Agg2    , 397,      1.429200,      0.702642,      0.491633,     -0.176275,      0.702285
 11, 12, 300.0, 0,      0.000000,Optimal,Agg3    , 417,      1.501200,      0.743624,      0.495353,     -0.151069,      0.831452
 11, 12, 330.0, 0,      0.000000,Optimal,Agg1    , 402,      1.447200,      1.176861,      0.813198,      0.560247,      0.964683
 11, 12, 330.0, 0,      0.000000,Optimal,Agg2    , 397,      1.429200,      1.165726,      0.815649,      0.595895,      0.930765
 11, 12, 330.0, 0,      0.000000,Optimal,Agg3    , 417,      1.501200,      1.224657,      0.815785,      0.569297,      0.964701
 12, 13,   0.0, 0,      0.000000,Optimal,Agg1    , 402,      1.447200,      1.389468,      0.960108,      0.816652,      0.999995
 12, 13,   0.0, 0,      0.000000,Optimal,Agg2    , 397,      1.429200,      1.377130,      0.963567,      0.802319,      0.999994
 12, 13,   0.0, 0,      0.000000,Optimal,Agg3    , 417,      1.501200,      1.446858,      0.963801,      0.812771,      0.999994
 12, 13,  30.0, 0,      0.000000,Optimal,Agg1    , 402,      1.447200,      1.263425,      0.873013,      0.175544,      0.999957
 12, 13,  30.0, 0,      0.000000,Optimal,Agg2    , 397,      1.429200,      1.227919,      0.859165,     -0.455177,      0.999775
 12, 13,  30.0, 0,      0.000000,Optimal,Agg3    , 417,      1.501200,      1.313777,      0.875151,     -0.404247,      0.999935
 12, 13,  60.0, 0,      0.000000,Optimal,Agg1    , 402,      1.447200,      0.542225,      0.374672,     -0.661907,      0.954700
 12, 13,  60.0, 0,      0.000000,Optimal,Agg2    , 397,      1.429200,      0.511499,      0.357892,     -0.703575,      0.949131
 12, 13,  60.0, 0,      0.000000,Optimal,Agg3    , 417,      1.501200,      0.530055,      0.353088,     -0.862638,      0.959045
 12, 13,  90.0, 0,      0.000000,Optimal,Agg1    , 402,      1.447200,      0.092069,      0.063619,     -0.661980,      0.918950
 12, 13,  90.0, 0,      0.000000,Optimal,Agg2    , 397,      1.429200,      0.085397,      0.059752,     -0.669553,      0.782968
 12, 13,  90.0, 0,      0.000000,Optimal,Agg3    , 417,      1.501200,      0.072924,      0.048577,     -0.604903,      0.643023
 12, 13, 120.0, 0,      0.000000,Optimal,Agg1    , 402,      1.447200,     -0.471580,     -0.325857,     -0.781820,      0.531569
 12, 13, 120.0, 0,      0.000000,Optimal,Agg2    , 397,      1.429200,     -0.466435,     -0.326361,     -0.852498,      0.495606
 12, 13, 120.0, 0,      0.000000,Optimal,Agg3    , 417,      1.501200,     -0.494036,     -0.329094,     -0.928441,      0.525138
 12, 13, 150.0, 0,      0.000000,Optimal,Agg1    , 402,      1.447200,     -0.734088,     -0.507247,     -0.910053,     -0.003129
 12, 13, 150.0, 0,      0.000000,Optimal,Agg2    , 397,      1.429200,     -0.707332,     -0.494915,     -0.869077,     -0.026509
 12, 13, 150.0, 0,      0.000000,Optimal,Agg3    , 417,      1.501200,     -0.760834,     -0.506818,     -0.942947,     -0.027213
 12, 13, 180.0, 0,      0.000000,Optimal,Agg1    , 402,      1.447200,     -0.739341,     -0.510877,     -0.923642,     -0.003332
 12, 13, 180.0, 0,      0.000000,Optimal,Agg2    , 397,      1.429200,     -0.712369,     -0.498439,     -0.888198,     -0.026518
 12, 13, 180.0, 0,      0.000000,Optimal,Agg3    , 417,      1.501200,     -0.766037,     -0.510283,     -0.942976,     -0.046448
 12, 13, 210.0, 0,      0.000000,Optimal,Agg1    , 402,      1.447200,     -0.697322,     -0.481842,     -0.923603,      0.226462
 12, 13, 210.0, 0,      0.000000,Optimal,Agg2    , 397,      1.429200,     -0.670404,     -0.469077,     -0.888167,      0.240635
 12, 13, 210.0, 0,      0.000000,Optimal,Agg3    , 417,      1.501200,     -0.718640,     -0.478710,     -0.910707,      0.124282
 12, 13, 240.0, 0,      0.000000,Optimal,Agg1    , 402,      1.447200,      0.217010,      0.149952,     -0.617435,      0.970116
 12, 13, 240.0, 0,      0.000000,Optimal,Agg2    , 397,      1.429200,      0.229617,      0.160661,     -0.599390,      0.995159
 12, 13, 240.0, 0,      0.000000,Optimal,Agg3    , 417,      1.501200,      0.230580,      0.153597,     -0.779437,      0.989136
 12, 13, 270.0, 0,      0.000000,Optimal,Agg1    , 402,      1.447200,      0.426093,      0.294425,     -0.683055,      0.993133
 12, 13, 270.0, 0,      0.000000,Optimal,Agg2    , 397,      1.429200,      0.444356,      0.310912,     -0.597961,      0.983669
 12, 13, 270.0, 0,      0.000000,Optimal,Agg3    , 417,      1.501200,      0.449423,      0.299376,     -0.597814,      0.981472
 12, 13, 300.0, 0,      0.000000,Optimal,Agg1    , 402,      1.447200,      0.753795,      0.520864,      0.177924,      0.793613
 12, 13, 300.0, 0,      0.000000,Optimal,Agg2    , 397,      1.429200,      0.740707,      0.518267,      0.244410,      0.732068
 12, 13, 300.0, 0,      0.000000,Optimal,Agg3    , 417,      1.501200,      0.782994,      0.521579,      0.227630,      0.794369
 12, 13, 330.0, 0,      0.000000,Optimal,Agg1    , 402,      1.447200,      1.214354,      0.839106,      0.741077,      0.878771
 12, 13, 330.0, 0,      0.000000,Optimal,Agg2    , 397,      1.429200,      1.202597,      0.841447,      0.741343,      0.878796
 12, 13, 330.0, 0,      0.000000,Optimal,Agg3    , 417,      1.501200,      1.263358,      0.841566,      0.741883,      0.878353
 13, 14,   0.0, 0,      0.000000,Optimal,Agg1    , 402,      1.447200,      1.426183,      0.985477,      0.886875,      0.999999
 13, 14,   0.0, 0,      0.000000,Optimal,Agg2    , 397,      1.429200,      1.409720,      0.986370,      0.911372,      0.999999
 13, 14,   0.0, 0,      0.000000,Optimal,Agg3    , 417,      1.501200,      1.480970,      0.986524,      0.894504,      0.999998
 13, 14,  30.0, 0,      0.000000,Optimal,Agg1    , 402,      1.447200,      1.285890,      0.888537,     -0.441549,      0.999745
 13, 14,  30.0, 0,      0.000000,Optimal,Agg2    , 397,      1.429200,      1.260802,      0.882174,      0.169613,      0.999928
 13, 14,  30.0, 0,      0.000000,Optimal,Agg3    , 417,      1.501200,      1.332457,      0.887595,     -0.200628,      0.999927
 13, 14,  60.0, 0,      0.000000,Optimal,Agg1    , 402,      1.447200,      0.611327,      0.422420,     -0.807826,      0.955643
 13, 14,  60.0, 0,      0.000000,Optimal,Agg2    , 397,      1.429200,      0.568198,      0.397564,     -0.773465,      0.953201
 13, 14,  60.0, 0,      0.000000,Optimal,Agg3    , 417,      1.501200,      0.594522,      0.396031,     -0.974314,      0.944025
 13, 14,  90.0, 0,      0.000000,Optimal,Agg1    , 402,      1.447200,      0.140823,      0.097307,     -0.681951,      0.888225
 13, 14,  90.0, 0,      0.000000,Optimal,Agg2    , 397,      1.429200,      0.124470,      0.087090,     -0.738008,      0.776243
 13, 14,  90.0, 0,      0.000000,Optimal,Agg3    , 417,      1.501200,      0.114692,      0.076400,     -0.532291,      0.653215
 13, 14, 120.0, 0,      0.000000,Optimal,Agg1    , 402,      1.447200,     -0.451032,     -0.311658,     -0.917530,      0.696540
 13, 14, 120.0, 0,      0.000000,Optimal,Agg2    , 397,      1.429200,     -0.456089,     -0.319122,     -0.685325,      0.691591
 13, 14, 120.0, 0,      0.000000,Optimal,Agg3    , 417,      1.501200,     -0.479945,     -0.319707,     -0.894614,      0.697389
 13, 14, 150.0, 0,      0.000000,Optimal,Agg1    , 402,      1.447200,     -0.815127,     -0.563244,     -0.999909,      0.089580
 13, 14, 150.0, 0,      0.000000,Optimal,Agg2    , 397,      1.429200,     -0.802455,     -0.561471,     -0.999995,      0.061249
 13, 14, 150.0, 0,      0.000000,Optimal,Agg3    , 417,      1.501200,     -0.853373,     -0.568461,     -0.999991,      0.022705
 13, 14, 180.0, 0,      0.000000,Optimal,Agg1    , 402,      1.447200,     -0.904316,     -0.624873,     -1.000032,      0.080945
 13, 14, 180.0, 0,      0.000000,Optimal,Agg2    , 397,      1.429200,     -0.882506,     -0.617482,     -1.000020,      0.021682
 13, 14, 180.0, 0,      0.000000,Optimal,Agg3    , 417,      1.501200,     -0.933819,     -0.622049,     -1.000028,      0.131746
 13, 14, 210.0, 0,      0.000000,Optimal,Agg1    , 402,      1.447200,     -0.859090,     -0.593622,     -0.999939,      0.293428
 13, 14, 210.0, 0,      0.000000,Optimal,Agg2    , 397,      1.429200,     -0.819460,     -0.573370,     -0.999933,      0.368022
 13, 14, 210.0, 0,      0.000000,Optimal,Agg3    , 417,      1.501200,     -0.865597,     -0.576603,     -0.999922,      0.166984
 13, 14, 240.0, 0,      0.000000,Optimal,Agg1    , 402,      1.447200,      0.274783,      0.189872,     -0.614717,      0.996944
 13, 14, 240.0, 0,      0.000000,Optimal,Agg2    , 397,      1.429200,      0.276766,      0.193651,     -0.768980,      0.994437
 13, 14, 240.0, 0,      0.000000,Optimal,Agg3    , 417,      1.501200,      0.284730,      0.189668,     -0.811901,      0.992358
 13, 14, 270.0, 0,      0.000000,Optimal,Agg1    , 402,      1.447200,      0.493874,      0.341262,     -0.633830,      0.995696
 13, 14, 270.0, 0,      0.000000,Optimal,Agg2    , 397,      1.429200,      0.496202,      0.347188,     -0.540522,      0.974455
 13, 14, 270.0, 0,      0.000000,Optimal,Agg3    , 417,      1.501200,      0.515629,      0.343478,     -0.481474,      0.968814
 13, 14, 300.0, 0,      0.000000,Optimal,Agg1    , 402,      1.447200,      0.788694,      0.544979,      0.265047,      0.755129
 13, 14, 300.0, 0,      0.000000,Optimal,Agg2    , 397,      1.429200,      0.774087,      0.541623,      0.297274,      0.769254
 13, 14, 300.0, 0,      0.000000,Optimal,Agg3    , 417,      1.501200,      0.815398,      0.543164,      0.290491,      0.765221
 13, 14, 330.0, 0,      0.000000,Optimal,Agg1    , 402,      1.447200,      1.249995,      0.863733,      0.784499,      0.904896
 13, 14, 330.0, 0,      0.000000,Optimal,Agg2    , 397,      1.429200,      1.234015,      0.863431,      0.811077,      0.906526
 13, 14, 330.0, 0,      0.000000,Optimal,Agg3    , 417,      1.501200,      1.296973,      0.863957,      0.807340,      0.905208
 14, 15,   0.0, 0,      0.000000,Optimal,Agg1    , 402,      1.447200,      1.387301,      0.958610,      0.584642,      0.999998
 14, 15,   0.0, 0,      0.000000,Optimal,Agg2    , 397,      1.429200,      1.378375,      0.964438,      0.625587,      0.999998
 14, 15,   0.0, 0,      0.000000,Optimal,Agg3    , 417,      1.501200,      1.438760,      0.958406,      0.562308,      0.999998
 14, 15,  30.0, 0,      0.000000,Optimal,Agg1    , 402,      1.447200,      1.276452,      0.882015,     -0.435252,      0.999961
 14, 15,  30.0, 0,      0.000000,Optimal,Agg2    , 397,      1.429200,      1.259897,      0.881540,      0.318425,      0.999957
 14, 15,  30.0, 0,      0.000000,Optimal,Agg3    , 417,      1.501200,      1.324296,      0.882158,      0.167520,      0.999980
 14, 15,  60.0, 0,      0.000000,Optimal,Agg1    , 402,      1.447200,      0.643008,      0.444312,     -0.636089,      0.944144
 14, 15,  60.0, 0,      0.000000,Optimal,Agg2    , 397,      1.429200,      0.602128,      0.421304,     -0.745886,      0.939202
 14, 15,  60.0, 0,      0.000000,Optimal,Agg3    , 417,      1.501200,      0.630402,      0.419932,     -0.874225,      0.946565
