now,target,angle_deg,P,Q,proj,status,time,VminTrue,VmaxTrue,UVviol,OVviol,LinErr
  1,  2,   0.0,      4.090752,     -0.130347,      4.090752,Optimal,      509.94,   0.94600,   1.01817,   0.00000,1.8668e-10,    0.026229
  1,  2,  30.0,      3.689669,      1.340037,      3.865366,Optimal,      525.84,   0.94455,   1.00751,   0.00000,1.8668e-10,    0.021448
  1,  2,  60.0,      1.150446,      3.692601,      3.773109,Optimal,      526.26,   0.94459,   1.00625,   0.00000,1.8668e-10,    0.016293
  1,  2,  90.0,      0.103929,      3.921830,      3.921830,Optimal,      495.52,   0.94562,   1.01009,   0.00000,1.8668e-10,    0.023673
  1,  2, 120.0,     -1.688838,      3.429188,      3.814183,Optimal,      518.53,   0.96202,   1.03922,   0.00000,1.8668e-10,    0.027138
  1,  2, 150.0,     -2.164528,      3.086357,      3.417715,Optimal,      517.27,   0.97203,   1.06422,   0.00000,1.8668e-10,    0.026718
  1,  2, 180.0,     -2.192050,     -0.853657,      2.192050,Optimal,      570.17,   1.00000,   1.09997,   0.00000,1.8668e-10,    0.014141
  1,  2, 210.0,     -2.105541,     -1.545568,      2.596236,Optimal,      534.08,   1.00000,   1.10000,   0.00000,1.8668e-10,    0.011305
  1,  2, 240.0,      0.198761,     -3.496256,      2.928466,Optimal,      573.74,   1.00000,   1.10000,   0.00000,1.8668e-10,    0.018442
  1,  2, 270.0,      0.887377,     -3.747998,      3.747998,Optimal,      601.17,   1.00000,   1.10000,   0.00000,1.8668e-10,    0.020978
  1,  2, 300.0,      2.200658,     -3.306361,      3.963722,Optimal,      493.11,   1.00000,   1.10000,   0.00000,1.8668e-10,    0.031410
  1,  2, 330.0,      3.588285,     -1.906672,      4.060882,Optimal,      512.84,   0.96095,   1.04819,   0.00000,1.8668e-10,    0.031435
  2,  3,   0.0,      4.054775,     -0.152796,      4.054775,Optimal,      550.25,   0.94589,   1.01871,   0.00000,1.8668e-10,    0.027496
  2,  3,  30.0,      3.654955,      1.343645,      3.837106,Optimal,      564.86,   0.94454,   1.00787,   0.00000,1.8668e-10,    0.020926
  2,  3,  60.0,      1.137908,      3.683884,      3.759291,Optimal,      565.94,   0.94462,   1.00633,   0.00000,1.8668e-10,    0.016537
  2,  3,  90.0,      0.077307,      3.915629,      3.915629,Optimal,      492.38,   0.94562,   1.01152,   0.00000,1.8668e-10,    0.024173
  2,  3, 120.0,     -1.683104,      3.444114,      3.824242,Optimal,      448.98,   0.95752,   1.03615,   0.00000,1.8668e-10,    0.027678
  2,  3, 150.0,     -2.035103,      3.194319,      3.359610,Optimal,      494.22,   0.97084,   1.05886,   0.00000,1.8668e-10,    0.029150
  2,  3, 180.0,     -2.058521,     -0.950027,      2.058521,Optimal,      545.41,   1.00000,   1.09993,   0.00000,1.8668e-10,    0.011929
  2,  3, 210.0,     -1.981590,     -1.668597,      2.550406,Optimal,      570.38,   1.00000,   1.10000,   0.00000,1.8668e-10,    0.009714
  2,  3, 240.0,      0.213696,     -3.511017,      2.933782,Optimal,      571.69,   1.00000,   1.10000,   0.00000,1.8668e-10,    0.018014
  2,  3, 270.0,      0.878224,     -3.751878,      3.751878,Optimal,      592.92,   1.00000,   1.10000,   0.00000,1.8668e-10,    0.020431
  2,  3, 300.0,      2.161151,     -3.316575,      3.952814,Optimal,      519.70,   1.00000,   1.10000,   0.00000,1.8668e-10,    0.031201
  2,  3, 330.0,      3.554139,     -1.916466,      4.036208,Optimal,      491.64,   0.95923,   1.05007,   0.00000,1.8668e-10,    0.031923
  3,  4,   0.0,      4.046192,     -0.133176,      4.046192,Optimal,      494.66,   0.94577,   1.01819,   0.00000,1.8668e-10,    0.028169
  3,  4,  30.0,      3.647504,      1.345355,      3.831509,Optimal,      529.83,   0.94454,   1.00747,   0.00000,1.8668e-10,    0.021231
  3,  4,  60.0,      1.137575,      3.677677,      3.753749,Optimal,      515.14,   0.94460,   1.00595,   0.00000,1.8668e-10,    0.016806
  3,  4,  90.0,      0.066633,      3.913231,      3.913231,Optimal,      510.53,   0.94552,   1.01324,   0.00000,1.8668e-10,    0.024312
  3,  4, 120.0,     -1.643655,      3.460049,      3.818317,Optimal,      510.36,   0.95181,   1.03514,   0.00000,1.8668e-10,    0.028120
  3,  4, 150.0,     -1.877176,      3.297351,      3.274358,Optimal,      529.41,   0.96464,   1.05481,   0.00000,1.8668e-10,    0.031976
  3,  4, 180.0,     -1.901221,     -1.071527,      1.901221,Optimal,      526.17,   1.00000,   1.09992,   0.00000,1.8668e-10,    0.010951
  3,  4, 210.0,     -1.832349,     -1.800471,      2.487096,Optimal,      577.42,   1.00000,   1.10000,   0.00000,1.8668e-10,    0.009399
  3,  4, 240.0,      0.238903,     -3.526340,      2.934449,Optimal,      574.25,   1.00000,   1.10000,   0.00000,1.8668e-10,    0.018003
  3,  4, 270.0,      0.874568,     -3.752913,      3.752913,Optimal,      568.75,   1.00000,   1.10000,   0.00000,1.8668e-10,    0.020236
  3,  4, 300.0,      2.152797,     -3.318890,      3.950642,Optimal,      498.84,   1.00000,   1.10000,   0.00000,1.8668e-10,    0.030885
  3,  4, 330.0,      3.544926,     -1.919202,      4.029597,Optimal,      513.30,   0.95984,   1.05054,   0.00000,1.8668e-10,    0.031783
  4,  5,   0.0,      4.035778,     -0.136281,      4.035778,Optimal,      517.03,   0.94579,   1.01864,   0.00000,1.8668e-10,    0.028408
  4,  5,  30.0,      3.635170,      1.350752,      3.823526,Optimal,      547.12,   0.94454,   1.00795,   0.00000,1.8668e-10,    0.021115
  4,  5,  60.0,      1.133724,      3.677717,      3.751858,Optimal,      548.13,   0.94464,   1.00640,   0.00000,1.8668e-10,    0.016628
  4,  5,  90.0,      0.064015,      3.911077,      3.911077,Optimal,      552.56,   0.94553,   1.01204,   0.00000,1.8668e-10,    0.024392
  4,  5, 120.0,     -1.607734,      3.478442,      3.816286,Optimal,      513.06,   0.95005,   1.03462,   0.00000,1.8668e-10,    0.028607
  4,  5, 150.0,     -1.748011,      3.377295,      3.202469,Optimal,      547.59,   0.96158,   1.05377,   0.00000,1.8668e-10,    0.031814
  4,  5, 180.0,     -1.770521,     -1.257868,      1.770521,Optimal,      545.08,   1.00000,   1.09994,   0.00000,1.8668e-10,    0.010166
  4,  5, 210.0,     -1.707356,     -1.911147,      2.434187,Optimal,      595.83,   1.00000,   1.10000,   0.00000,1.8668e-10,    0.007974
  4,  5, 240.0,      0.248582,     -3.532630,      2.935056,Optimal,      597.41,   1.00000,   1.10000,   0.00000,1.8668e-10,    0.017916
  4,  5, 270.0,      0.872725,     -3.754610,      3.754610,Optimal,      620.74,   1.00000,   1.10000,   0.00000,1.8668e-10,    0.020364
  4,  5, 300.0,      2.138884,     -3.322526,      3.946834,Optimal,      565.72,   1.00000,   1.10000,   0.00000,1.8668e-10,    0.030880
  4,  5, 330.0,      3.533282,     -1.922769,      4.021297,Optimal,      576.56,   0.95913,   1.05096,   0.00000,1.8668e-10,    0.032253
  5,  6,   0.0,      4.030323,     -0.137807,      4.030323,Optimal,      529.31,   0.94566,   1.01834,   0.00000,1.8668e-10,    0.028468
  5,  6,  30.0,      3.626027,      1.359032,      3.819748,Optimal,      534.86,   0.94454,   1.00759,   0.00000,1.8668e-10,    0.021057
  5,  6,  60.0,      1.132088,      3.676336,      3.749844,Optimal,      562.00,   0.94462,   1.00608,   0.00000,1.8668e-10,    0.016943
  5,  6,  90.0,      0.063088,      3.909976,      3.909976,Optimal,      488.03,   0.94552,   1.01259,   0.00000,1.8668e-10,    0.024358
  5,  6, 120.0,     -1.529980,      3.516048,      3.809977,Optimal,      526.49,   0.94966,   1.03155,   0.00000,1.8668e-10,    0.027891
  5,  6, 150.0,     -1.611281,      3.453979,      3.122400,Optimal,      528.55,   0.96214,   1.04942,   0.00000,1.8668e-10,    0.030707
  5,  6, 180.0,     -1.633859,     -1.357353,      1.633859,Optimal,      530.75,   1.00000,   1.09992,   0.00000,1.8668e-10,    0.008861
  5,  6, 210.0,     -1.582441,     -2.012977,      2.376923,Optimal,      568.38,   1.00000,   1.10000,   0.00000,1.8668e-10,    0.007399
  5,  6, 240.0,      0.274041,     -3.545710,      2.933655,Optimal,      602.03,   1.00000,   1.10000,   0.00000,1.8668e-10,    0.017756
  5,  6, 270.0,      0.873071,     -3.754627,      3.754627,Optimal,      584.00,   1.00000,   1.10000,   0.00000,1.8668e-10,    0.020080
  5,  6, 300.0,      2.135298,     -3.323440,      3.945833,Optimal,      524.13,   1.00000,   1.10000,   0.00000,1.8668e-10,    0.030967
  5,  6, 330.0,      3.527943,     -1.924564,      4.017570,Optimal,      540.03,   0.95776,   1.05175,   0.00000,1.8668e-10,    0.032158
  6,  7,   0.0,      4.032647,     -0.137830,      4.032647,Optimal,      627.31,   0.94571,   1.01814,   0.00000,1.8668e-10,    0.028345
  6,  7,  30.0,      3.634852,      1.348868,      3.822308,Optimal,      713.05,   0.94454,   1.00742,   0.00000,1.8668e-10,    0.020898
  6,  7,  60.0,      1.130020,      3.676234,      3.748722,Optimal,      712.42,   0.94463,   1.00592,   0.00000,1.8668e-10,    0.017140
  6,  7,  90.0,      0.066639,      3.909609,      3.909609,Optimal,      617.64,   0.94565,   1.01314,   0.00000,1.8668e-10,    0.024251
  6,  7, 120.0,     -1.397879,      3.574275,      3.794352,Optimal,      646.95,   0.94928,   1.03214,   0.00000,1.8668e-10,    0.026961
  6,  7, 150.0,     -1.464671,      3.523857,      3.030371,Optimal,      667.86,   0.95519,   1.04492,   0.00000,1.8668e-10,    0.030618
  6,  7, 180.0,     -1.488824,     -1.441556,      1.488824,Optimal,      667.94,   1.00000,   1.09984,   0.00000,1.8668e-10,    0.008941
  6,  7, 210.0,     -1.443224,     -2.128269,      2.314003,Optimal,      707.17,   1.00000,   1.10000,   0.00000,1.8668e-10,    0.006166
  6,  7, 240.0,      0.297649,     -3.557351,      2.931932,Optimal,      758.75,   1.00000,   1.10000,   0.00000,1.8668e-10,    0.017937
  6,  7, 270.0,      0.871573,     -3.754161,      3.754161,Optimal,      747.98,   1.00000,   1.10000,   0.00000,1.8668e-10,    0.020055
  6,  7, 300.0,      2.136466,     -3.323417,      3.946396,Optimal,      738.05,   1.00000,   1.10000,   0.00000,1.8668e-10,    0.030885
  6,  7, 330.0,      3.530660,     -1.923616,      4.019449,Optimal,      668.03,   0.95925,   1.05075,   0.00000,1.8668e-10,    0.032308
  7,  8,   0.0,      4.034027,     -0.135603,      4.034027,Optimal,      594.47,   0.94572,   1.01893,   0.00000,1.8668e-10,    0.028545
  7,  8,  30.0,      3.633595,      1.353671,      3.823621,Optimal,      667.09,   0.94454,   1.00818,   0.00000,1.8668e-10,    0.020824
  7,  8,  60.0,      1.128068,      3.678369,      3.749594,Optimal,      672.20,   0.94463,   1.00668,   0.00000,1.8668e-10,    0.016609
  7,  8,  90.0,      0.074745,      3.909658,      3.909658,Optimal,      630.99,   0.94565,   1.01206,   0.00000,1.8668e-10,    0.024285
  7,  8, 120.0,     -1.262986,      3.629106,      3.774391,Optimal,      665.20,   0.94920,   1.03254,   0.00000,1.8668e-10,    0.029467
  7,  8, 150.0,     -1.320089,      3.586729,      2.936595,Optimal,      701.00,   0.95499,   1.04278,   0.00000,1.8668e-10,    0.031705
  7,  8, 180.0,     -1.345085,     -1.626671,      1.345085,Optimal,      672.97,   1.00000,   1.09988,   0.00000,1.8668e-10,    0.007626
  7,  8, 210.0,     -1.306142,     -2.236355,      2.249330,Optimal,      745.84,   1.00000,   1.10000,   0.00000,1.8668e-10,    0.005605
  7,  8, 240.0,      0.318751,     -3.564916,      2.927932,Optimal,      781.64,   1.00000,   1.10000,   0.00000,1.8668e-10,    0.018620
  7,  8, 270.0,      0.873612,     -3.753303,      3.753303,Optimal,      786.31,   1.00000,   1.10000,   0.00000,1.8668e-10,    0.020080
  7,  8, 300.0,      2.137652,     -3.322494,      3.946190,Optimal,      723.39,   1.00000,   1.10000,   0.00000,1.8668e-10,    0.031061
  7,  8, 330.0,      3.530780,     -1.923263,      4.019377,Optimal,      673.94,   0.95895,   1.05210,   0.00000,1.8668e-10,    0.032351
  8,  9,   0.0,      4.003832,     -0.131885,      4.003832,Optimal,      792.16,   0.94569,   1.01895,   0.00000,1.8668e-10,    0.029023
  8,  9,  30.0,      3.600525,      1.367396,      3.801844,Optimal,      777.06,   0.94454,   1.00816,   0.00000,1.8668e-10,    0.020804
  8,  9,  60.0,      1.115164,      3.675259,      3.740450,Optimal,      691.74,   0.94462,   1.00670,   0.00000,1.8668e-10,    0.016826
  8,  9,  90.0,      0.044724,      3.909506,      3.909506,Optimal,      643.92,   0.94569,   1.01349,   0.00000,1.8668e-10,    0.024247
  8,  9, 120.0,     -1.196382,      3.664045,      3.771347,Optimal,      726.39,   0.94890,   1.02916,   0.00000,1.8668e-10,    0.029004
  8,  9, 150.0,     -1.248525,      3.625728,      2.894118,Optimal,      705.22,   0.94941,   1.03860,   0.00000,1.8668e-10,    0.031953
  8,  9, 180.0,     -1.270387,     -2.011909,      1.270387,Optimal,      714.28,   1.00000,   1.09986,   0.00000,1.8668e-10,    0.005921
  8,  9, 210.0,     -1.236152,     -2.299315,      2.220196,Optimal,      778.80,   1.00000,   1.10000,   0.00000,1.8668e-10,    0.005789
  8,  9, 240.0,      0.335307,     -3.577372,      2.930442,Optimal,      823.59,   1.00000,   1.10000,   0.00000,1.8668e-10,    0.018275
  8,  9, 270.0,      0.860726,     -3.752542,      3.752542,Optimal,      846.45,   1.00000,   1.10000,   0.00000,1.8668e-10,    0.019923
  8,  9, 300.0,      2.104684,     -3.325972,      3.932718,Optimal,      759.86,   1.00000,   1.10000,   0.00000,1.8668e-10,    0.030469
  8,  9, 330.0,      3.511500,     -1.909982,      3.996039,Optimal,      718.74,   0.95601,   1.04730,   0.00000,1.8668e-10,    0.032711
  9, 10,   0.0,      3.927266,     -0.099749,      3.927266,Optimal,      672.48,   0.94590,   1.01862,   0.00000,1.8668e-10,    0.027500
  9, 10,  30.0,      3.522585,      1.401505,      3.751401,Optimal,      740.03,   0.94454,   1.00801,   0.00000,1.8668e-10,    0.020186
  9, 10,  60.0,      1.082510,      3.674804,      3.723729,Optimal,      715.56,   0.94463,   1.00643,   0.00000,1.8668e-10,    0.017434
  9, 10,  90.0,     -0.029203,      3.913836,      3.913836,Optimal,      689.20,   0.94579,   1.01425,   0.00000,1.8668e-10,    0.024617
  9, 10, 120.0,     -1.258305,      3.671423,      3.808698,Optimal,      741.44,   0.94895,   1.02763,   0.00000,1.8668e-10,    0.026006
  9, 10, 150.0,     -1.318805,      3.626015,      2.955126,Optimal,      755.42,   0.94888,   1.02822,   0.00000,1.8668e-10,    0.028050
  9, 10, 180.0,     -1.335065,     -1.542528,      1.335065,Optimal,      747.11,   1.00000,   1.09987,   0.00000,1.8668e-10,    0.009835
  9, 10, 210.0,     -1.296246,     -2.261391,      2.253277,Optimal,      836.30,   1.00000,   1.10000,   0.00000,1.8668e-10,    0.005702
  9, 10, 240.0,      0.311118,     -3.571444,      2.937403,Optimal,      844.27,   1.00000,   1.10000,   0.00000,1.8668e-10,    0.017336
  9, 10, 270.0,      0.828584,     -3.744395,      3.744395,Optimal,      809.61,   1.00000,   1.10000,   0.00000,1.8668e-10,    0.019652
  9, 10, 300.0,      2.017394,     -3.330184,      3.892721,Optimal,      719.36,   1.00000,   1.10000,   0.00000,1.8668e-10,    0.029224
  9, 10, 330.0,      3.425617,     -1.912508,      3.922925,Optimal,      738.39,   0.96465,   1.04759,   0.00000,1.8668e-10,    0.030184
 10, 11,   0.0,      3.812654,     -0.078768,      3.812654,Optimal,      585.59,   0.94640,   1.01918,   0.00000,1.8668e-10,    0.025822
 10, 11,  30.0,      3.412796,      1.440432,      3.675784,Optimal,      662.88,   0.94454,   1.00854,   0.00000,1.8668e-10,    0.018796
 10, 11,  60.0,      1.037749,      3.672406,      3.699271,Optimal,      637.14,   0.94461,   1.00664,   0.00000,1.8668e-10,    0.017568
 10, 11,  90.0,     -0.145253,      3.919277,      3.919277,Optimal,      581.58,   0.94592,   1.01582,   0.00000,1.8668e-10,    0.025466
 10, 11, 120.0,     -1.527416,      3.607286,      3.887709,Optimal,      620.34,   0.94958,   1.03325,   0.00000,1.8668e-10,    0.027071
 10, 11, 150.0,     -1.608097,      3.543888,      3.164597,Optimal,      639.63,   0.95968,   1.04888,   0.00000,1.8668e-10,    0.027214
 10, 11, 180.0,     -1.625385,      0.988182,      1.625385,Optimal,      581.00,   0.95268,   1.09994,   0.00000,1.8668e-10,    0.024516
 10, 11, 210.0,     -1.560646,     -2.061379,      2.382249,Optimal,      670.28,   1.00000,   1.10000,   0.00000,1.8668e-10,    0.006658
 10, 11, 240.0,      0.235475,     -3.542053,      2.949770,Optimal,      690.39,   1.00000,   1.10000,   0.00000,1.8668e-10,    0.016901
 10, 11, 270.0,      0.782427,     -3.732744,      3.732744,Optimal,      717.08,   1.00000,   1.10000,   0.00000,1.8668e-10,    0.019939
 10, 11, 300.0,      1.895695,     -3.337020,      3.837791,Optimal,      631.91,   1.00000,   1.10000,   0.00000,1.8668e-10,    0.027226
 10, 11, 330.0,      3.299457,     -1.923178,      3.819003,Optimal,      705.17,   0.97783,   1.04641,   0.00000,1.8668e-10,    0.026780
 11, 12,   0.0,      3.686970,     -0.029853,      3.686970,Optimal,      695.73,   0.94722,   1.01909,   0.00000,1.8668e-10,    0.023611
 11, 12,  30.0,      3.284665,      1.501007,      3.595107,Optimal,      754.42,   0.94454,   1.00859,   0.00000,1.8668e-10,    0.016741
 11, 12,  60.0,      0.989520,      3.666876,      3.670368,Optimal,      759.38,   0.94462,   1.00641,   0.00000,1.8668e-10,    0.018483
 11, 12,  90.0,     -0.266928,      3.927947,      3.927947,Optimal,      615.94,   0.94612,   1.01838,   0.00000,1.8668e-10,    0.025785
 11, 12, 120.0,     -1.774578,      3.568733,      3.977903,Optimal,      663.14,   0.95021,   1.04302,   0.00000,1.8668e-10,    0.029040
 11, 12, 150.0,     -2.103780,      3.323077,      3.483465,Optimal,      702.34,   0.97552,   1.06950,   0.00000,1.8668e-10,    0.028147
 11, 12, 180.0,     -2.126553,      1.606604,      2.126553,Optimal,      720.09,   0.97106,   1.09998,   0.00000,1.8668e-10,    0.032455
 11, 12, 210.0,     -2.021211,     -1.683942,      2.592391,Optimal,      853.08,   1.00000,   1.10000,   0.00000,1.8668e-10,    0.009540
 11, 12, 240.0,      0.127486,     -3.496687,      2.964477,Optimal,      861.36,   1.00000,   1.10000,   0.00000,1.8668e-10,    0.015691
 11, 12, 270.0,      0.730480,     -3.715189,      3.715189,Optimal,      838.72,   1.00000,   1.10000,   0.00000,1.8668e-10,    0.019706
 11, 12, 300.0,      1.766507,     -3.340499,      3.776211,Optimal,      685.08,   1.00000,   1.10000,   0.00000,1.8668e-10,    0.025209
 11, 12, 330.0,      3.166461,     -1.930107,      3.707289,Optimal,      730.03,   0.98426,   1.04846,   0.00000,1.8668e-10,    0.023088
 12, 13,   0.0,      3.533869,     -0.010527,      3.533869,Optimal,      674.39,   0.94627,   1.01950,   0.00000,1.8668e-10,    0.020206
 12, 13,  30.0,      3.125553,      1.571724,      3.492670,Optimal,      770.38,   0.94454,   1.00905,   0.00000,1.8668e-10,    0.015692
 12, 13,  60.0,      0.923995,      3.659019,      3.630801,Optimal,      769.91,   0.94465,   1.00714,   0.00000,1.8668e-10,    0.019040
 12, 13,  90.0,     -0.399900,      3.936177,      3.936177,Optimal,      755.88,   0.94629,   1.02025,   0.00000,1.8668e-10,    0.026021
 12, 13, 120.0,     -2.067300,      3.509986,      4.073387,Optimal,      753.30,   0.95668,   1.05304,   0.00000,1.8668e-10,    0.027487
 12, 13, 150.0,     -2.830485,      2.791677,      3.847110,Optimal,      677.89,   0.99015,   1.08380,   0.00000,1.8668e-10,    0.030199
 12, 13, 180.0,     -2.869725,      1.480534,      2.869725,Optimal,      758.36,   0.98793,   1.09999,   0.00000,1.8668e-10,    0.032813
 12, 13, 210.0,     -2.705752,     -1.075755,      2.881127,Optimal,      796.95,   1.00000,   1.10000,   0.00000,1.8668e-10,    0.016327
 12, 13, 240.0,      0.031327,     -3.456029,      2.977345,Optimal,      836.39,   1.00000,   1.10000,   0.00000,1.8668e-10,    0.015495
 12, 13, 270.0,      0.670015,     -3.692913,      3.692913,Optimal,      825.39,   1.00000,   1.10000,   0.00000,1.8668e-10,    0.019712
 12, 13, 300.0,      1.620143,     -3.344576,      3.706559,Optimal,      707.22,   1.00000,   1.10000,   0.00000,1.8668e-10,    0.022770
 12, 13, 330.0,      3.008187,     -1.943370,      3.576852,Optimal,      732.91,   0.98775,   1.05245,   0.00000,1.8668e-10,    0.019979
 13, 14,   0.0,      3.385448,     -0.001077,      3.385448,Optimal,      711.86,   0.94691,   1.01832,   0.00000,1.8668e-10,    0.019354
 13, 14,  30.0,      2.946777,      1.650281,      3.377124,Optimal,      755.61,   0.94453,   1.00888,   0.00000,1.8668e-10,    0.014463
 13, 14,  60.0,      0.863759,      3.647448,      3.590662,Optimal,      795.84,   0.94462,   1.00758,   0.00000,1.8668e-10,    0.019545
 13, 14,  90.0,     -0.517664,      3.945470,      3.945470,Optimal,      730.06,   0.94654,   1.02258,   0.00000,1.8668e-10,    0.025909
 13, 14, 120.0,     -2.263108,      3.475968,      4.141830,Optimal,      682.70,   0.96738,   1.06625,   0.00000,1.8668e-10,    0.029208
 13, 14, 150.0,     -3.332129,      2.457316,      4.114367,Optimal,      757.36,   1.00000,   1.09964,   0.00000,1.8668e-10,    0.031751
 13, 14, 180.0,     -3.588040,      1.095500,      3.588040,Optimal,      838.61,   1.00000,   1.10000,   0.00000,1.8668e-10,    0.030533
 13, 14, 210.0,     -3.395851,     -0.449148,      3.165467,Optimal,      740.14,   1.00000,   1.10000,   0.00000,1.8668e-10,    0.019601
 13, 14, 240.0,     -0.050898,     -3.415741,      2.983568,Optimal,      829.91,   1.00000,   1.10000,   0.00000,1.8668e-10,    0.014946
 13, 14, 270.0,      0.613544,     -3.664638,      3.664638,Optimal,      785.50,   1.00000,   1.10000,   0.00000,1.8668e-10,    0.018892
 13, 14, 300.0,      1.477708,     -3.347075,      3.637506,Optimal,      720.97,   1.00000,   1.10000,   0.00000,1.8668e-10,    0.020532
 13, 14, 330.0,      2.860472,     -1.947413,      3.450947,Optimal,      669.95,   0.98895,   1.05492,   0.00000,1.8668e-10,    0.020667
 14, 15,   0.0,      3.099188,     -0.100012,      3.099188,Optimal,      627.94,   0.94656,   1.02539,   0.00000,1.8668e-10,    0.015886
 14, 15,  30.0,      2.742500,      1.764068,      3.257109,Optimal,      744.31,   0.94454,   1.00970,   0.00000,1.8668e-10,    0.014061
 14, 15,  60.0,      0.781536,      3.661086,      3.561362,Optimal,      749.44,   0.94474,   1.00887,   0.00000,1.8668e-10,    0.020157
